{
	"credit": "Made with Blockbench",
	"textures": {
		"0": "block/hardened_clay_stained_green",
		"1": "block/hopper_outside",
		"2": "block/recyclage",
		"particle": "block/hardened_clay_stained_green"
	},
	"elements": [
		{
			"from": [1, 0, 1],
			"to": [3, 18, 3],
			"faces": {
				"north": {"uv": [0, 0, 2, 16], "texture": "#0"},
				"east": {"uv": [0, 0, 2, 16], "texture": "#0"},
				"south": {"uv": [0, 0, 2, 16], "texture": "#0"},
				"west": {"uv": [0, 0, 2, 16], "texture": "#0"},
				"up": {"uv": [0, 0, 2, 2], "texture": "#0"},
				"down": {"uv": [0, 0, 2, 2], "texture": "#0"}
			}
		},
		{
			"from": [1, 0, 13],
			"to": [3, 18, 15],
			"faces": {
				"north": {"uv": [0, 0, 2, 16], "texture": "#0"},
				"east": {"uv": [0, 0, 2, 16], "texture": "#0"},
				"south": {"uv": [0, 0, 2, 16], "texture": "#0"},
				"west": {"uv": [0, 0, 2, 16], "texture": "#0"},
				"up": {"uv": [0, 0, 2, 2], "texture": "#0"},
				"down": {"uv": [0, 0, 2, 2], "texture": "#0"}
			}
		},
		{
			"from": [13, 0, 13],
			"to": [15, 18, 15],
			"faces": {
				"north": {"uv": [0, 0, 2, 16], "texture": "#0"},
				"east": {"uv": [0, 0, 2, 16], "texture": "#0"},
				"south": {"uv": [0, 0, 2, 16], "texture": "#0"},
				"west": {"uv": [0, 0, 2, 16], "texture": "#0"},
				"up": {"uv": [0, 0, 2, 2], "texture": "#0"},
				"down": {"uv": [0, 0, 2, 2], "texture": "#0"}
			}
		},
		{
			"from": [13, 0, 1],
			"to": [15, 18, 3],
			"faces": {
				"north": {"uv": [0, 0, 2, 16], "texture": "#0"},
				"east": {"uv": [0, 0, 2, 16], "texture": "#0"},
				"south": {"uv": [0, 0, 2, 16], "texture": "#0"},
				"west": {"uv": [0, 0, 2, 16], "texture": "#0"},
				"up": {"uv": [0, 0, 2, 2], "texture": "#0"},
				"down": {"uv": [0, 0, 2, 2], "texture": "#0"}
			}
		},
		{
			"from": [2, 0, 2],
			"to": [14, 13, 14],
			"faces": {
				"north": {"uv": [2.25, 0.25, 14.25, 13.25], "texture": "#2"},
				"east": {"uv": [2.25, 0.25, 14.25, 13.25], "texture": "#0"},
				"south": {"uv": [2.25, 0, 14.25, 13], "texture": "#2"},
				"west": {"uv": [2.25, 0, 14.25, 13], "texture": "#0"},
				"up": {"uv": [2.25, 0.25, 14.25, 12.25], "texture": "#0"},
				"down": {"uv": [2.25, 0.25, 14.25, 12.25], "texture": "#0"}
			}
		},
		{
			"from": [3, 13, 3],
			"to": [13, 17, 13],
			"faces": {
				"north": {"uv": [0, 0, 10, 4], "texture": "#1"},
				"east": {"uv": [0, 0, 10, 4], "texture": "#1"},
				"south": {"uv": [0, 0, 10, 4], "texture": "#1"},
				"west": {"uv": [0, 0, 10, 4], "texture": "#1"},
				"up": {"uv": [0, 0, 10, 10], "texture": "#1"},
				"down": {"uv": [0, 0, 10, 10], "texture": "#1"}
			}
		},
		{
			"from": [2, 13, 3],
			"to": [3, 17, 13],
			"faces": {
				"north": {"uv": [0, 0, 1, 4], "texture": "#missing"},
				"east": {"uv": [0, 0, 10, 4], "texture": "#missing"},
				"south": {"uv": [0, 0, 1, 4], "texture": "#missing"},
				"west": {"uv": [0, 0, 10, 4], "texture": "#0"},
				"up": {"uv": [0, 0, 1, 10], "texture": "#missing"},
				"down": {"uv": [0, 0, 1, 10], "texture": "#missing"}
			}
		},
		{
			"from": [13, 13, 3],
			"to": [14, 17, 13],
			"faces": {
				"north": {"uv": [0, 0, 1, 4], "texture": "#missing"},
				"east": {"uv": [0, 0, 10, 4], "texture": "#0"},
				"south": {"uv": [0, 0, 1, 4], "texture": "#missing"},
				"west": {"uv": [0, 0, 10, 4], "texture": "#missing"},
				"up": {"uv": [0, 0, 1, 10], "texture": "#missing"},
				"down": {"uv": [0, 0, 1, 10], "texture": "#missing"}
			}
		},
		{
			"from": [2, 17, 2],
			"to": [14, 19, 14],
			"faces": {
				"north": {"uv": [0, 0, 12, 2], "texture": "#0"},
				"east": {"uv": [0, 0, 12, 2], "texture": "#0"},
				"south": {"uv": [0, 0, 12, 2], "texture": "#0"},
				"west": {"uv": [0, 0, 12, 2], "texture": "#0"},
				"up": {"uv": [0, 0, 12, 12], "texture": "#0"},
				"down": {"uv": [0, 0, 12, 12], "texture": "#0"}
			}
		}
	]
}