{"textures":{"wielen inner":"block/piston_inner","cauldron_inner":"block/cauldron_inner","anvil":"block/anvil","remmen":"block/furnace_side","stone_slab_top":"block/smooth_stone","spruce_planks":"block/dark_oak_planks","red_terracotta":"block/black_terracotta"},"elements":[{"from":[-2.5,5,-15],"to":[18.5,5.5,29],"faces":{"north":{"uv":[0,0,16,0.5],"texture":"#stone_slab_top"},"east":{"uv":[0,0,16,0.5],"texture":"#stone_slab_top"},"south":{"uv":[0,0,16,0.5],"texture":"#stone_slab_top"},"west":{"uv":[0,0,16,0.5],"texture":"#stone_slab_top"},"up":{"uv":[0,0,16,16],"texture":"#stone_slab_top"},"down":{"uv":[0,0,16,16],"texture":"#stone_slab_top"}}},{"from":[-2.5,9,9],"to":[18.5,9.5,14.5],"faces":{"north":{"uv":[0,0,16,0.5],"texture":"#anvil"},"east":{"uv":[0,0,5.5,0.5],"texture":"#anvil"},"south":{"uv":[0,0,16,0.5],"texture":"#anvil"},"west":{"uv":[0,0,5.5,0.5],"texture":"#anvil"},"up":{"uv":[0,0,16,5.5],"texture":"#anvil"},"down":{"uv":[0,0,16,5.5],"texture":"#anvil"}}},{"from":[-2.5,9,23],"to":[18.5,9.5,28.5],"faces":{"north":{"uv":[0,0,16,0.5],"texture":"#anvil"},"east":{"uv":[0,0,5.5,0.5],"texture":"#anvil"},"south":{"uv":[0,0,16,0.5],"texture":"#anvil"},"west":{"uv":[0,0,5.5,0.5],"texture":"#anvil"},"up":{"uv":[0,0,16,5.5],"texture":"#anvil"},"down":{"uv":[0,0,16,5.5],"texture":"#anvil"}}},{"from":[9,1.5,-2],"to":[9.5,4.5,20],"faces":{"north":{"uv":[1.5,11,2,14],"texture":"#remmen"},"east":{"uv":[1.5,8.5,14.5,14.5],"texture":"#remmen"},"south":{"uv":[1.5,11,2,14],"texture":"#remmen"},"west":{"uv":[1.5,8.5,14.5,14.5],"texture":"#remmen"},"up":{"uv":[15,2.5,15.5,16],"texture":"#remmen"},"down":{"uv":[15,2.5,15.5,16],"texture":"#remmen"}}},{"from":[6.5,1.5,-2],"to":[7,4.5,20],"faces":{"north":{"uv":[1.5,11,2,14],"texture":"#remmen"},"east":{"uv":[1,9,15,15],"texture":"#remmen"},"south":{"uv":[1.5,11,2,14],"texture":"#remmen"},"west":{"uv":[1.5,8.5,14.5,14.5],"texture":"#remmen"},"up":{"uv":[15,2.5,15.5,16],"texture":"#remmen"},"down":{"uv":[15,2.5,15.5,16],"texture":"#remmen"}}},{"from":[0,0.5,23],"to":[1.5,3,25.5],"faces":{"north":{"uv":[4,4,12,12],"texture":"#wielen inner"},"east":{"uv":[4,4,12,12],"texture":"#wielen inner"},"south":{"uv":[5,5,11,11],"texture":"#wielen inner"},"west":{"uv":[4,4,12,12],"texture":"#wielen inner"},"up":{"uv":[4,4,12,12],"texture":"#wielen inner"},"down":{"uv":[4,4,12,12],"texture":"#wielen inner"}}},{"from":[0,3,23],"to":[1.5,3.5,25.5],"faces":{"north":{"uv":[0,13,1,14],"texture":"#anvil"},"east":{"uv":[0,13,1,14],"texture":"#anvil"},"south":{"uv":[0,13,1,14],"texture":"#anvil"},"west":{"uv":[0,13,1,14],"texture":"#anvil"},"up":{"uv":[0,13,1,14],"texture":"#anvil"},"down":{"uv":[0,13,1,14],"texture":"#anvil"}}},{"from":[0,0,23],"to":[1.5,0.5,25.5],"faces":{"north":{"uv":[0,13,1,14],"texture":"#anvil"},"east":{"uv":[0,13,1,14],"texture":"#anvil"},"south":{"uv":[0,13,1,14],"texture":"#anvil"},"west":{"uv":[0,13,1,14],"texture":"#anvil"},"up":{"uv":[0,13,1,14],"texture":"#anvil"},"down":{"uv":[0,13,1,14],"texture":"#anvil"}}},{"from":[14.5,0.5,27.5],"to":[16,3,30],"faces":{"north":{"uv":[4,4,12,12],"texture":"#wielen inner"},"east":{"uv":[4,4,12,12],"texture":"#wielen inner"},"south":{"uv":[4,4,12,12],"texture":"#wielen inner"},"west":{"uv":[4,4,12,12],"texture":"#wielen inner"},"up":{"uv":[4,4,12,12],"texture":"#wielen inner"},"down":{"uv":[4,4,12,12],"texture":"#wielen inner"}}},{"from":[16,-1.5,23.5],"to":[16.5,-0.5,25.5],"faces":{"north":{"uv":[0,13,1,14],"texture":"#anvil"},"east":{"uv":[0,13,1,14],"texture":"#anvil"},"south":{"uv":[0,13,1,14],"texture":"#anvil"},"west":{"uv":[0,13,1,14],"texture":"#anvil"},"up":{"uv":[0,13,1,14],"texture":"#anvil"},"down":{"uv":[0,13,1,14],"texture":"#anvil"}}},{"from":[16.5,-1.5,29.4375],"to":[18.5,-0.5,29.9375],"faces":{"north":{"uv":[0,13,1,14],"texture":"#anvil"},"east":{"uv":[0,13,1,14],"texture":"#anvil"},"south":{"uv":[0,13,1,14],"texture":"#anvil"},"west":{"uv":[0,13,1,14],"texture":"#anvil"},"up":{"uv":[0,13,1,14],"texture":"#anvil"},"down":{"uv":[0,13,1,14],"texture":"#anvil"}}},{"from":[0,0.5,22.5],"to":[1.5,3,23],"faces":{"north":{"uv":[0,13,1,14],"texture":"#anvil"},"east":{"uv":[0,13,1,14],"texture":"#anvil"},"south":{"uv":[0,13,1,14],"texture":"#anvil"},"west":{"uv":[0,13,1,14],"texture":"#anvil"},"up":{"uv":[0,13,1,14],"texture":"#anvil"},"down":{"uv":[0,13,1,14],"texture":"#anvil"}}},{"from":[16.5,-1.5,23],"to":[18.5,-0.5,23.5],"faces":{"north":{"uv":[0,13,1,14],"texture":"#anvil"},"east":{"uv":[0,13,1,14],"texture":"#anvil"},"south":{"uv":[0,13,1,14],"texture":"#anvil"},"west":{"uv":[0,13,1,14],"texture":"#anvil"},"up":{"uv":[0,13,1,14],"texture":"#anvil"},"down":{"uv":[0,13,1,14],"texture":"#anvil"}}},{"from":[0,0.5,25.5],"to":[1.5,3,26],"faces":{"north":{"uv":[0,13,1,14],"texture":"#anvil"},"east":{"uv":[0,13,1,14],"texture":"#anvil"},"south":{"uv":[0,13,1,14],"texture":"#anvil"},"west":{"uv":[0,13,1,14],"texture":"#anvil"},"up":{"uv":[0,13,1,14],"texture":"#anvil"},"down":{"uv":[0,13,1,14],"texture":"#anvil"}}},{"from":[-0.5,1,24],"to":[0,2.5,29],"faces":{"north":{"uv":[15,11.5,16,12.5],"texture":"#stone_slab_top"},"east":{"uv":[15,11.5,16,12.5],"texture":"#stone_slab_top"},"south":{"uv":[15,11.5,16,12.5],"texture":"#stone_slab_top"},"west":{"uv":[15,11.5,16,12.5],"texture":"#stone_slab_top"},"up":{"uv":[15,11.5,16,12.5],"texture":"#stone_slab_top"},"down":{"uv":[15,11.5,16,12.5],"texture":"#stone_slab_top"}}},{"from":[2,3.425,21],"to":[14,5,29],"faces":{"north":{"uv":[0,0,14.5,1],"texture":"#stone_slab_top"},"east":{"uv":[0,0,12,1],"texture":"#stone_slab_top"},"south":{"uv":[0,0,14.5,1],"texture":"#stone_slab_top"},"west":{"uv":[0,0,12,1],"texture":"#stone_slab_top"},"up":{"uv":[1.5,3,12,12],"texture":"#stone_slab_top"},"down":{"uv":[1.5,3,12,12],"texture":"#stone_slab_top"}}},{"from":[14.5,0.5,30],"to":[16,3,30.5],"faces":{"north":{"uv":[0,13,1,14],"texture":"#anvil"},"east":{"uv":[0,13,1,14],"texture":"#anvil"},"south":{"uv":[0,13,1,14],"texture":"#anvil"},"west":{"uv":[0,13,1,14],"texture":"#anvil"},"up":{"uv":[0,13,1,14],"texture":"#anvil"},"down":{"uv":[0,13,1,14],"texture":"#anvil"}}},{"from":[14.5,0,27.5],"to":[16,0.5,30],"faces":{"north":{"uv":[0,13,1,14],"texture":"#anvil"},"east":{"uv":[0,13,1,14],"texture":"#anvil"},"south":{"uv":[0,13,1,14],"texture":"#anvil"},"west":{"uv":[0,13,1,14],"texture":"#anvil"},"up":{"uv":[0,13,1,14],"texture":"#anvil"},"down":{"uv":[0,13,1,14],"texture":"#anvil"}}},{"from":[14.5,3,27.5],"to":[16,3.5,30],"faces":{"north":{"uv":[0,13,1,14],"texture":"#anvil"},"east":{"uv":[0,13,1,14],"texture":"#anvil"},"south":{"uv":[0,13,1,14],"texture":"#anvil"},"west":{"uv":[0,13,1,14],"texture":"#anvil"},"up":{"uv":[0,13,1,14],"texture":"#anvil"},"down":{"uv":[0,13,1,14],"texture":"#anvil"}}},{"from":[16,1,-11],"to":[16.5,2.5,-6],"faces":{"north":{"uv":[15,11.5,16,12.5],"texture":"#stone_slab_top"},"east":{"uv":[15,11.5,16,12.5],"texture":"#stone_slab_top"},"south":{"uv":[15,11.5,16,12.5],"texture":"#stone_slab_top"},"west":{"uv":[15,11.5,16,12.5],"texture":"#stone_slab_top"},"up":{"uv":[15,11.5,16,12.5],"texture":"#stone_slab_top"},"down":{"uv":[15,11.5,16,12.5],"texture":"#stone_slab_top"}}},{"from":[16.3321,1.625,25.5],"to":[19.3321,2.625,27.5],"rotation":{"angle":-45,"axis":"z","origin":[16.3321,2.625,25.5]},"faces":{"north":{"uv":[15,11.5,16,12.5],"texture":"#stone_slab_top"},"east":{"uv":[15,11.5,16,12.5],"texture":"#stone_slab_top"},"south":{"uv":[15,11.5,16,12.5],"texture":"#stone_slab_top"},"west":{"uv":[15,11.5,16,12.5],"texture":"#stone_slab_top"},"up":{"uv":[15,11.5,16,12.5],"texture":"#stone_slab_top"},"down":{"uv":[15,11.5,16,12.5],"texture":"#stone_slab_top"}}},{"from":[17.5,-0.5,25.375],"to":[19,0.5,27.375],"faces":{"north":{"uv":[15,11.5,16,12.5],"texture":"#stone_slab_top"},"east":{"uv":[15,11.5,16,12.5],"texture":"#stone_slab_top"},"south":{"uv":[15,11.5,16,12.5],"texture":"#stone_slab_top"},"west":{"uv":[15,11.5,16,12.5],"texture":"#stone_slab_top"},"up":{"uv":[15,11.5,16,12.5],"texture":"#stone_slab_top"},"down":{"uv":[15,11.5,16,12.5],"texture":"#stone_slab_top"}}},{"from":[17,-2,24.5],"to":[18.5,-1.5,28.5],"faces":{"north":{"uv":[15,11.5,16,12.5],"texture":"#stone_slab_top"},"east":{"uv":[15,11.5,16,12.5],"texture":"#stone_slab_top"},"south":{"uv":[15,11.5,16,12.5],"texture":"#stone_slab_top"},"west":{"uv":[15,11.5,16,12.5],"texture":"#stone_slab_top"},"up":{"uv":[15,11.5,16,12.5],"texture":"#stone_slab_top"},"down":{"uv":[15,11.5,16,12.5],"texture":"#stone_slab_top"}}},{"from":[18.5,-2,26],"to":[19,-0.5,27],"faces":{"north":{"uv":[15,11.5,16,12.5],"texture":"#stone_slab_top"},"east":{"uv":[15,11.5,16,12.5],"texture":"#stone_slab_top"},"south":{"uv":[15,11.5,16,12.5],"texture":"#stone_slab_top"},"west":{"uv":[15,11.5,16,12.5],"texture":"#stone_slab_top"},"up":{"uv":[15,11.5,16,12.5],"texture":"#stone_slab_top"},"down":{"uv":[15,11.5,16,12.5],"texture":"#stone_slab_top"}}},{"from":[17,-0.5,24.5],"to":[18.5,0,28.5],"faces":{"north":{"uv":[15,11.5,16,12.5],"texture":"#stone_slab_top"},"east":{"uv":[15,11.5,16,12.5],"texture":"#stone_slab_top"},"south":{"uv":[15,11.5,16,12.5],"texture":"#stone_slab_top"},"west":{"uv":[15,11.5,16,12.5],"texture":"#stone_slab_top"},"up":{"uv":[15,11.5,16,12.5],"texture":"#stone_slab_top"},"down":{"uv":[15,11.5,16,12.5],"texture":"#stone_slab_top"}}},{"from":[16.5,-1.5,23.5],"to":[18.5,-0.5,25.5],"faces":{"north":{"uv":[4,4,12,12],"texture":"#wielen inner"},"east":{"uv":[4,4,12,12],"texture":"#wielen inner"},"south":{"uv":[4,4,12,12],"texture":"#wielen inner"},"west":{"uv":[4,4,12,12],"texture":"#wielen inner"},"up":{"uv":[4,4,12,12],"texture":"#wielen inner"},"down":{"uv":[4,4,12,12],"texture":"#wielen inner"}}},{"from":[14.5,0.5,27],"to":[16,3,27.5],"faces":{"north":{"uv":[0,13,1,14],"texture":"#anvil"},"east":{"uv":[0,13,1,14],"texture":"#anvil"},"south":{"uv":[0,13,1,14],"texture":"#anvil"},"west":{"uv":[0,13,1,14],"texture":"#anvil"},"up":{"uv":[0,13,1,14],"texture":"#anvil"},"down":{"uv":[0,13,1,14],"texture":"#anvil"}}},{"from":[14.5,0.5,25.5],"to":[16,3,26],"faces":{"north":{"uv":[0,13,1,14],"texture":"#anvil"},"east":{"uv":[0,13,1,14],"texture":"#anvil"},"south":{"uv":[0,13,1,14],"texture":"#anvil"},"west":{"uv":[0,13,1,14],"texture":"#anvil"},"up":{"uv":[0,13,1,14],"texture":"#anvil"},"down":{"uv":[0,13,1,14],"texture":"#anvil"}}},{"from":[14.5,3,23],"to":[16,3.5,25.5],"faces":{"north":{"uv":[0,13,1,14],"texture":"#anvil"},"east":{"uv":[0,13,1,14],"texture":"#anvil"},"south":{"uv":[0,13,1,14],"texture":"#anvil"},"west":{"uv":[0,13,1,14],"texture":"#anvil"},"up":{"uv":[0,13,1,14],"texture":"#anvil"},"down":{"uv":[0,13,1,14],"texture":"#anvil"}}},{"from":[14.5,0,23],"to":[16,0.5,25.5],"faces":{"north":{"uv":[0,13,1,14],"texture":"#anvil"},"east":{"uv":[0,13,1,14],"texture":"#anvil"},"south":{"uv":[0,13,1,14],"texture":"#anvil"},"west":{"uv":[0,13,1,14],"texture":"#anvil"},"up":{"uv":[0,13,1,14],"texture":"#anvil"},"down":{"uv":[0,13,1,14],"texture":"#anvil"}}},{"from":[14.5,0.5,22.5],"to":[16,3,23],"faces":{"north":{"uv":[0,13,1,14],"texture":"#anvil"},"east":{"uv":[0,13,1,14],"texture":"#anvil"},"south":{"uv":[0,13,1,14],"texture":"#anvil"},"west":{"uv":[0,13,1,14],"texture":"#anvil"},"up":{"uv":[0,13,1,14],"texture":"#anvil"},"down":{"uv":[0,13,1,14],"texture":"#anvil"}}},{"from":[14.5,0.5,23],"to":[16,3,25.5],"faces":{"north":{"uv":[4,4,12,12],"texture":"#wielen inner"},"east":{"uv":[4,4,12,12],"texture":"#wielen inner"},"south":{"uv":[4,4,12,12],"texture":"#wielen inner"},"west":{"uv":[4,4,12,12],"texture":"#wielen inner"},"up":{"uv":[4,4,12,12],"texture":"#wielen inner"},"down":{"uv":[4,4,12,12],"texture":"#wielen inner"}}},{"from":[-0.5,2.5,26],"to":[0.5,4.5,27],"faces":{"north":{"uv":[15,11.5,16,12.5],"texture":"#stone_slab_top"},"east":{"uv":[15,11.5,16,12.5],"texture":"#stone_slab_top"},"south":{"uv":[15,11.5,16,12.5],"texture":"#stone_slab_top"},"west":{"uv":[15,11.5,16,12.5],"texture":"#stone_slab_top"},"up":{"uv":[15,11.5,16,12.5],"texture":"#stone_slab_top"},"down":{"uv":[15,11.5,16,12.5],"texture":"#stone_slab_top"}}},{"from":[15.5,2.5,26],"to":[16.5,4.5,27],"faces":{"north":{"uv":[15,11.5,16,12.5],"texture":"#stone_slab_top"},"east":{"uv":[15,11.5,16,12.5],"texture":"#stone_slab_top"},"south":{"uv":[15,11.5,16,12.5],"texture":"#stone_slab_top"},"west":{"uv":[15,11.5,16,12.5],"texture":"#stone_slab_top"},"up":{"uv":[15,11.5,16,12.5],"texture":"#stone_slab_top"},"down":{"uv":[15,11.5,16,12.5],"texture":"#stone_slab_top"}}},{"from":[0.5,3.5,26],"to":[15.5,4.5,27],"faces":{"north":{"uv":[15,11.5,16,12.5],"texture":"#stone_slab_top"},"east":{"uv":[15,11.5,16,12.5],"texture":"#stone_slab_top"},"south":{"uv":[15,11.5,16,12.5],"texture":"#stone_slab_top"},"west":{"uv":[15,11.5,16,12.5],"texture":"#stone_slab_top"},"up":{"uv":[15,11.5,16,12.5],"texture":"#stone_slab_top"},"down":{"uv":[15,11.5,16,12.5],"texture":"#stone_slab_top"}}},{"from":[18.5,-1.5,23.5],"to":[19,-0.5,25.5],"faces":{"north":{"uv":[0,13,1,14],"texture":"#anvil"},"east":{"uv":[0,13,1,14],"texture":"#anvil"},"south":{"uv":[0,13,1,14],"texture":"#anvil"},"west":{"uv":[0,13,1,14],"texture":"#anvil"},"up":{"uv":[0,13,1,14],"texture":"#anvil"},"down":{"uv":[0,13,1,14],"texture":"#anvil"}}},{"from":[16.5,-1.5,27],"to":[18.5,-0.5,27.5],"faces":{"north":{"uv":[0,13,1,14],"texture":"#anvil"},"east":{"uv":[0,13,1,14],"texture":"#anvil"},"south":{"uv":[0,13,1,14],"texture":"#anvil"},"west":{"uv":[0,13,1,14],"texture":"#anvil"},"up":{"uv":[0,13,1,14],"texture":"#anvil"},"down":{"uv":[0,13,1,14],"texture":"#anvil"}}},{"from":[16.5,-1.5,27.5],"to":[18.5,-0.5,29.5],"faces":{"north":{"uv":[4,4,12,12],"texture":"#wielen inner"},"east":{"uv":[4,4,12,12],"texture":"#wielen inner"},"south":{"uv":[4,4,12,12],"texture":"#wielen inner"},"west":{"uv":[4,4,12,12],"texture":"#wielen inner"},"up":{"uv":[4,4,12,12],"texture":"#wielen inner"},"down":{"uv":[4,4,12,12],"texture":"#wielen inner"}}},{"from":[16,-1.5,-7.5],"to":[16.5,-0.5,-5.5],"faces":{"north":{"uv":[0,13,1,14],"texture":"#anvil"},"east":{"uv":[0,13,1,14],"texture":"#anvil"},"south":{"uv":[0,13,1,14],"texture":"#anvil"},"west":{"uv":[0,13,1,14],"texture":"#anvil"},"up":{"uv":[0,13,1,14],"texture":"#anvil"},"down":{"uv":[0,13,1,14],"texture":"#anvil"}}},{"from":[16,-1.5,27.5],"to":[16.5,-0.5,29.5],"faces":{"north":{"uv":[0,13,1,14],"texture":"#anvil"},"east":{"uv":[0,13,1,14],"texture":"#anvil"},"south":{"uv":[0,13,1,14],"texture":"#anvil"},"west":{"uv":[0,13,1,14],"texture":"#anvil"},"up":{"uv":[0,13,1,14],"texture":"#anvil"},"down":{"uv":[0,13,1,14],"texture":"#anvil"}}},{"from":[16.5,-1.5,25.4375],"to":[18.5,-0.5,25.9375],"faces":{"north":{"uv":[0,13,1,14],"texture":"#anvil"},"east":{"uv":[0,13,1,14],"texture":"#anvil"},"south":{"uv":[0,13,1,14],"texture":"#anvil"},"west":{"uv":[0,13,1,14],"texture":"#anvil"},"up":{"uv":[0,13,1,14],"texture":"#anvil"},"down":{"uv":[0,13,1,14],"texture":"#anvil"}}},{"from":[0,0.5,27.5],"to":[1.5,3,30],"faces":{"north":{"uv":[4,4,12,12],"texture":"#wielen inner"},"east":{"uv":[4,4,12,12],"texture":"#wielen inner"},"south":{"uv":[4,4,12,12],"texture":"#wielen inner"},"west":{"uv":[4,4,12,12],"texture":"#wielen inner"},"up":{"uv":[4,4,12,12],"texture":"#wielen inner"},"down":{"uv":[4,4,12,12],"texture":"#wielen inner"}}},{"from":[0,0.5,27],"to":[1.5,3,27.5],"faces":{"north":{"uv":[0,13,1,14],"texture":"#anvil"},"east":{"uv":[0,13,1,14],"texture":"#anvil"},"south":{"uv":[0,13,1,14],"texture":"#anvil"},"west":{"uv":[0,13,1,14],"texture":"#anvil"},"up":{"uv":[0,13,1,14],"texture":"#anvil"},"down":{"uv":[0,13,1,14],"texture":"#anvil"}}},{"from":[0,0.5,30],"to":[1.5,3,30.5],"faces":{"north":{"uv":[0,13,1,14],"texture":"#anvil"},"east":{"uv":[0,13,1,14],"texture":"#anvil"},"south":{"uv":[0,13,1,14],"texture":"#anvil"},"west":{"uv":[0,13,1,14],"texture":"#anvil"},"up":{"uv":[0,13,1,14],"texture":"#anvil"},"down":{"uv":[0,13,1,14],"texture":"#anvil"}}},{"from":[0,3,27.5],"to":[1.5,3.5,30],"faces":{"north":{"uv":[0,13,1,14],"texture":"#anvil"},"east":{"uv":[0,13,1,14],"texture":"#anvil"},"south":{"uv":[0,13,1,14],"texture":"#anvil"},"west":{"uv":[0,13,1,14],"texture":"#anvil"},"up":{"uv":[0,13,1,14],"texture":"#anvil"},"down":{"uv":[0,13,1,14],"texture":"#anvil"}}},{"from":[0,0,27.5],"to":[1.5,0.5,30],"faces":{"north":{"uv":[0,13,1,14],"texture":"#anvil"},"east":{"uv":[0,13,1,14],"texture":"#anvil"},"south":{"uv":[0,13,1,14],"texture":"#anvil"},"west":{"uv":[0,13,1,14],"texture":"#anvil"},"up":{"uv":[0,13,1,14],"texture":"#anvil"},"down":{"uv":[0,13,1,14],"texture":"#anvil"}}},{"from":[-2.5,-1.5,27.5],"to":[-0.5,-0.5,29.5],"faces":{"north":{"uv":[4,4,12,12],"texture":"#wielen inner"},"east":{"uv":[4,4,12,12],"texture":"#wielen inner"},"south":{"uv":[4,4,12,12],"texture":"#wielen inner"},"west":{"uv":[4,4,12,12],"texture":"#wielen inner"},"up":{"uv":[4,4,12,12],"texture":"#wielen inner"},"down":{"uv":[4,4,12,12],"texture":"#wielen inner"}}},{"from":[-3,-1.5,27.5],"to":[-2.5,-0.5,29.5],"faces":{"north":{"uv":[0,13,1,14],"texture":"#anvil"},"east":{"uv":[0,13,1,14],"texture":"#anvil"},"south":{"uv":[0,13,1,14],"texture":"#anvil"},"west":{"uv":[0,13,1,14],"texture":"#anvil"},"up":{"uv":[0,13,1,14],"texture":"#anvil"},"down":{"uv":[0,13,1,14],"texture":"#anvil"}}},{"from":[-0.5,-1.5,27.5],"to":[0,-0.5,29.5],"faces":{"north":{"uv":[0,13,1,14],"texture":"#anvil"},"east":{"uv":[0,13,1,14],"texture":"#anvil"},"south":{"uv":[0,13,1,14],"texture":"#anvil"},"west":{"uv":[0,13,1,14],"texture":"#anvil"},"up":{"uv":[0,13,1,14],"texture":"#anvil"},"down":{"uv":[0,13,1,14],"texture":"#anvil"}}},{"from":[-2.5,-1.5,29.5],"to":[-0.5,-0.5,30],"faces":{"north":{"uv":[0,13,1,14],"texture":"#anvil"},"east":{"uv":[0,13,1,14],"texture":"#anvil"},"south":{"uv":[0,13,1,14],"texture":"#anvil"},"west":{"uv":[0,13,1,14],"texture":"#anvil"},"up":{"uv":[0,13,1,14],"texture":"#anvil"},"down":{"uv":[0,13,1,14],"texture":"#anvil"}}},{"from":[-2.5,-1.5,27],"to":[-0.5,-0.5,27.5],"faces":{"north":{"uv":[0,13,1,14],"texture":"#anvil"},"east":{"uv":[0,13,1,14],"texture":"#anvil"},"south":{"uv":[0,13,1,14],"texture":"#anvil"},"west":{"uv":[0,13,1,14],"texture":"#anvil"},"up":{"uv":[0,13,1,14],"texture":"#anvil"},"down":{"uv":[0,13,1,14],"texture":"#anvil"}}},{"from":[-2.5,-1.5,23.5],"to":[-0.5,-0.5,25.5],"faces":{"north":{"uv":[4,4,12,12],"texture":"#wielen inner"},"east":{"uv":[4,4,12,12],"texture":"#wielen inner"},"south":{"uv":[4,4,12,12],"texture":"#wielen inner"},"west":{"uv":[4,4,12,12],"texture":"#wielen inner"},"up":{"uv":[4,4,12,12],"texture":"#wielen inner"},"down":{"uv":[4,4,12,12],"texture":"#wielen inner"}}},{"from":[-2.5,-1.5,23],"to":[-0.5,-0.5,23.5],"faces":{"north":{"uv":[0,13,1,14],"texture":"#anvil"},"east":{"uv":[0,13,1,14],"texture":"#anvil"},"south":{"uv":[0,13,1,14],"texture":"#anvil"},"west":{"uv":[0,13,1,14],"texture":"#anvil"},"up":{"uv":[0,13,1,14],"texture":"#anvil"},"down":{"uv":[0,13,1,14],"texture":"#anvil"}}},{"from":[-0.5,-1.5,23.5],"to":[0,-0.5,25.5],"faces":{"north":{"uv":[0,13,1,14],"texture":"#anvil"},"east":{"uv":[0,13,1,14],"texture":"#anvil"},"south":{"uv":[0,13,1,14],"texture":"#anvil"},"west":{"uv":[0,13,1,14],"texture":"#anvil"},"up":{"uv":[0,13,1,14],"texture":"#anvil"},"down":{"uv":[0,13,1,14],"texture":"#anvil"}}},{"from":[-2.5,-1.5,25.5],"to":[-0.5,-0.5,26],"faces":{"north":{"uv":[0,13,1,14],"texture":"#anvil"},"east":{"uv":[0,13,1,14],"texture":"#anvil"},"south":{"uv":[0,13,1,14],"texture":"#anvil"},"west":{"uv":[0,13,1,14],"texture":"#anvil"},"up":{"uv":[0,13,1,14],"texture":"#anvil"},"down":{"uv":[0,13,1,14],"texture":"#anvil"}}},{"from":[-3,-1.5,23.5],"to":[-2.5,-0.5,25.5],"faces":{"north":{"uv":[0,13,1,14],"texture":"#anvil"},"east":{"uv":[0,13,1,14],"texture":"#anvil"},"south":{"uv":[0,13,1,14],"texture":"#anvil"},"west":{"uv":[0,13,1,14],"texture":"#anvil"},"up":{"uv":[0,13,1,14],"texture":"#anvil"},"down":{"uv":[0,13,1,14],"texture":"#anvil"}}},{"from":[-3,-0.5,25.5],"to":[-1.5,0.5,27.5],"faces":{"north":{"uv":[15,11.5,16,12.5],"texture":"#stone_slab_top"},"east":{"uv":[15,11.5,16,12.5],"texture":"#stone_slab_top"},"south":{"uv":[15,11.5,16,12.5],"texture":"#stone_slab_top"},"west":{"uv":[15,11.5,16,12.5],"texture":"#stone_slab_top"},"up":{"uv":[15,11.5,16,12.5],"texture":"#stone_slab_top"},"down":{"uv":[15,11.5,16,12.5],"texture":"#stone_slab_top"}}},{"from":[-3,-2,26],"to":[-2.5,-0.5,27],"faces":{"north":{"uv":[15,11.5,16,12.5],"texture":"#stone_slab_top"},"east":{"uv":[15,11.5,16,12.5],"texture":"#stone_slab_top"},"south":{"uv":[15,11.5,16,12.5],"texture":"#stone_slab_top"},"west":{"uv":[15,11.5,16,12.5],"texture":"#stone_slab_top"},"up":{"uv":[15,11.5,16,12.5],"texture":"#stone_slab_top"},"down":{"uv":[15,11.5,16,12.5],"texture":"#stone_slab_top"}}},{"from":[-2.5,-0.5,24.5],"to":[-1,0,28.5],"faces":{"north":{"uv":[15,11.5,16,12.5],"texture":"#stone_slab_top"},"east":{"uv":[15,11.5,16,12.5],"texture":"#stone_slab_top"},"south":{"uv":[15,11.5,16,12.5],"texture":"#stone_slab_top"},"west":{"uv":[15,11.5,16,12.5],"texture":"#stone_slab_top"},"up":{"uv":[15,11.5,16,12.5],"texture":"#stone_slab_top"},"down":{"uv":[15,11.5,16,12.5],"texture":"#stone_slab_top"}}},{"from":[-2.5,-2,24.5],"to":[-1,-1.5,28.5],"faces":{"north":{"uv":[15,11.5,16,12.5],"texture":"#stone_slab_top"},"east":{"uv":[15,11.5,16,12.5],"texture":"#stone_slab_top"},"south":{"uv":[15,11.5,16,12.5],"texture":"#stone_slab_top"},"west":{"uv":[15,11.5,16,12.5],"texture":"#stone_slab_top"},"up":{"uv":[15,11.5,16,12.5],"texture":"#stone_slab_top"},"down":{"uv":[15,11.5,16,12.5],"texture":"#stone_slab_top"}}},{"from":[-2,3.425,-3],"to":[18,5,21],"faces":{"north":{"uv":[0,12,16,13],"texture":"#stone_slab_top"},"east":{"uv":[0,12,13,13],"texture":"#stone_slab_top"},"south":{"uv":[0,12,16,13],"texture":"#stone_slab_top"},"west":{"uv":[3,12,16,13],"texture":"#stone_slab_top"},"up":{"uv":[0,3,16,16],"texture":"#stone_slab_top"},"down":{"uv":[16,16,0,3],"texture":"#stone_slab_top"}}},{"from":[-2.5,9,-5],"to":[18.5,9.5,0.5],"faces":{"north":{"uv":[0,0,16,0.5],"texture":"#anvil"},"east":{"uv":[0,0,5.5,0.5],"texture":"#anvil"},"south":{"uv":[0,0,16,0.5],"texture":"#anvil"},"west":{"uv":[0,0,5.5,0.5],"texture":"#anvil"},"up":{"uv":[0,0,16,5.5],"texture":"#anvil"},"down":{"uv":[0,0,16,5.5],"texture":"#anvil"}}},{"from":[-0.5,2.5,-9],"to":[0.5,4.5,-8],"faces":{"north":{"uv":[15,11.5,16,12.5],"texture":"#stone_slab_top"},"east":{"uv":[15,11.5,16,12.5],"texture":"#stone_slab_top"},"south":{"uv":[15,11.5,16,12.5],"texture":"#stone_slab_top"},"west":{"uv":[15,11.5,16,12.5],"texture":"#stone_slab_top"},"up":{"uv":[15,11.5,16,12.5],"texture":"#stone_slab_top"},"down":{"uv":[15,11.5,16,12.5],"texture":"#stone_slab_top"}}},{"from":[-2.5,-0.5,25.375],"to":[0.5,0.5,27.375],"rotation":{"angle":45,"axis":"z","origin":[-2.5,0.5,25.375]},"faces":{"north":{"uv":[15,11.5,16,12.5],"texture":"#stone_slab_top"},"east":{"uv":[15,11.5,16,12.5],"texture":"#stone_slab_top"},"south":{"uv":[15,11.5,16,12.5],"texture":"#stone_slab_top"},"west":{"uv":[15,11.5,16,12.5],"texture":"#stone_slab_top"},"up":{"uv":[15,11.5,16,12.5],"texture":"#stone_slab_top"},"down":{"uv":[15,11.5,16,12.5],"texture":"#stone_slab_top"}}},{"from":[-2.5,-0.5,-9.5],"to":[0.5,0.5,-7.5],"rotation":{"angle":45,"axis":"z","origin":[-2.5,0.5,-9.5]},"faces":{"north":{"uv":[15,11.5,16,12.5],"texture":"#stone_slab_top"},"east":{"uv":[15,11.5,16,12.5],"texture":"#stone_slab_top"},"south":{"uv":[15,11.5,16,12.5],"texture":"#stone_slab_top"},"west":{"uv":[15,11.5,16,12.5],"texture":"#stone_slab_top"},"up":{"uv":[15,11.5,16,12.5],"texture":"#stone_slab_top"},"down":{"uv":[15,11.5,16,12.5],"texture":"#stone_slab_top"}}},{"from":[-0.5,1,-11],"to":[0,2.5,-6],"faces":{"north":{"uv":[15,11.5,16,12.5],"texture":"#stone_slab_top"},"east":{"uv":[15,11.5,16,12.5],"texture":"#stone_slab_top"},"south":{"uv":[15,11.5,16,12.5],"texture":"#stone_slab_top"},"west":{"uv":[15,11.5,16,12.5],"texture":"#stone_slab_top"},"up":{"uv":[15,11.5,16,12.5],"texture":"#stone_slab_top"},"down":{"uv":[15,11.5,16,12.5],"texture":"#stone_slab_top"}}},{"from":[0.5,3.5,-9],"to":[15.5,4.5,-8],"faces":{"north":{"uv":[15,11.5,16,12.5],"texture":"#stone_slab_top"},"east":{"uv":[15,11.5,16,12.5],"texture":"#stone_slab_top"},"south":{"uv":[15,11.5,16,12.5],"texture":"#stone_slab_top"},"west":{"uv":[15,11.5,16,12.5],"texture":"#stone_slab_top"},"up":{"uv":[15,11.5,16,12.5],"texture":"#stone_slab_top"},"down":{"uv":[15,11.5,16,12.5],"texture":"#stone_slab_top"}}},{"from":[15.5,2.5,-9],"to":[16.5,4.5,-8],"faces":{"north":{"uv":[15,11.5,16,12.5],"texture":"#stone_slab_top"},"east":{"uv":[15,11.5,16,12.5],"texture":"#stone_slab_top"},"south":{"uv":[15,11.5,16,12.5],"texture":"#stone_slab_top"},"west":{"uv":[15,11.5,16,12.5],"texture":"#stone_slab_top"},"up":{"uv":[15,11.5,16,12.5],"texture":"#stone_slab_top"},"down":{"uv":[15,11.5,16,12.5],"texture":"#stone_slab_top"}}},{"from":[-3,-0.5,-9.5],"to":[-1.5,0.5,-7.5],"faces":{"north":{"uv":[15,11.5,16,12.5],"texture":"#stone_slab_top"},"east":{"uv":[15,11.5,16,12.5],"texture":"#stone_slab_top"},"south":{"uv":[15,11.5,16,12.5],"texture":"#stone_slab_top"},"west":{"uv":[15,11.5,16,12.5],"texture":"#stone_slab_top"},"up":{"uv":[15,11.5,16,12.5],"texture":"#stone_slab_top"},"down":{"uv":[15,11.5,16,12.5],"texture":"#stone_slab_top"}}},{"from":[-2.5,-0.5,-10.5],"to":[-1,0,-6.5],"faces":{"north":{"uv":[15,11.5,16,12.5],"texture":"#stone_slab_top"},"east":{"uv":[15,11.5,16,12.5],"texture":"#stone_slab_top"},"south":{"uv":[15,11.5,16,12.5],"texture":"#stone_slab_top"},"west":{"uv":[15,11.5,16,12.5],"texture":"#stone_slab_top"},"up":{"uv":[15,11.5,16,12.5],"texture":"#stone_slab_top"},"down":{"uv":[15,11.5,16,12.5],"texture":"#stone_slab_top"}}},{"from":[-3,-2,-9],"to":[-2.5,-0.5,-8],"faces":{"north":{"uv":[15,11.5,16,12.5],"texture":"#stone_slab_top"},"east":{"uv":[15,11.5,16,12.5],"texture":"#stone_slab_top"},"south":{"uv":[15,11.5,16,12.5],"texture":"#stone_slab_top"},"west":{"uv":[15,11.5,16,12.5],"texture":"#stone_slab_top"},"up":{"uv":[15,11.5,16,12.5],"texture":"#stone_slab_top"},"down":{"uv":[15,11.5,16,12.5],"texture":"#stone_slab_top"}}},{"from":[-2.5,-2,-10.5],"to":[-1,-1.5,-6.5],"faces":{"north":{"uv":[15,11.5,16,12.5],"texture":"#stone_slab_top"},"east":{"uv":[15,11.5,16,12.5],"texture":"#stone_slab_top"},"south":{"uv":[15,11.5,16,12.5],"texture":"#stone_slab_top"},"west":{"uv":[15,11.5,16,12.5],"texture":"#stone_slab_top"},"up":{"uv":[15,11.5,16,12.5],"texture":"#stone_slab_top"},"down":{"uv":[15,11.5,16,12.5],"texture":"#stone_slab_top"}}},{"from":[16.5625,1.3125,-9.5],"to":[19.5625,2.3125,-7.5],"rotation":{"angle":-45,"axis":"z","origin":[16.5625,2.3125,-9.5]},"faces":{"north":{"uv":[15,11.5,16,12.5],"texture":"#stone_slab_top"},"east":{"uv":[15,11.5,16,12.5],"texture":"#stone_slab_top"},"south":{"uv":[15,11.5,16,12.5],"texture":"#stone_slab_top"},"west":{"uv":[15,11.5,16,12.5],"texture":"#stone_slab_top"},"up":{"uv":[15,11.5,16,12.5],"texture":"#stone_slab_top"},"down":{"uv":[15,11.5,16,12.5],"texture":"#stone_slab_top"}}},{"from":[16,1,24],"to":[16.5,2.5,29],"faces":{"north":{"uv":[15,11.5,16,12.5],"texture":"#stone_slab_top"},"east":{"uv":[15,11.5,16,12.5],"texture":"#stone_slab_top"},"south":{"uv":[15,11.5,16,12.5],"texture":"#stone_slab_top"},"west":{"uv":[15,11.5,16,12.5],"texture":"#stone_slab_top"},"up":{"uv":[15,11.5,16,12.5],"texture":"#stone_slab_top"},"down":{"uv":[15,11.5,16,12.5],"texture":"#stone_slab_top"}}},{"from":[17.5,-0.5,-9.5],"to":[19,0.5,-7.5],"faces":{"north":{"uv":[15,11.5,16,12.5],"texture":"#stone_slab_top"},"east":{"uv":[15,11.5,16,12.5],"texture":"#stone_slab_top"},"south":{"uv":[15,11.5,16,12.5],"texture":"#stone_slab_top"},"west":{"uv":[15,11.5,16,12.5],"texture":"#stone_slab_top"},"up":{"uv":[15,11.5,16,12.5],"texture":"#stone_slab_top"},"down":{"uv":[15,11.5,16,12.5],"texture":"#stone_slab_top"}}},{"from":[17,-0.5,-10.5],"to":[18.5,0,-6.5],"faces":{"north":{"uv":[15,11.5,16,12.5],"texture":"#stone_slab_top"},"east":{"uv":[15,11.5,16,12.5],"texture":"#stone_slab_top"},"south":{"uv":[15,11.5,16,12.5],"texture":"#stone_slab_top"},"west":{"uv":[15,11.5,16,12.5],"texture":"#stone_slab_top"},"up":{"uv":[15,11.5,16,12.5],"texture":"#stone_slab_top"},"down":{"uv":[15,11.5,16,12.5],"texture":"#stone_slab_top"}}},{"from":[18.5,-2,-9],"to":[19,-0.5,-8],"faces":{"north":{"uv":[15,11.5,16,12.5],"texture":"#stone_slab_top"},"east":{"uv":[15,11.5,16,12.5],"texture":"#stone_slab_top"},"south":{"uv":[15,11.5,16,12.5],"texture":"#stone_slab_top"},"west":{"uv":[15,11.5,16,12.5],"texture":"#stone_slab_top"},"up":{"uv":[15,11.5,16,12.5],"texture":"#stone_slab_top"},"down":{"uv":[15,11.5,16,12.5],"texture":"#stone_slab_top"}}},{"from":[17,-2,-10.5],"to":[18.5,-1.5,-6.5],"faces":{"north":{"uv":[15,11.5,16,12.5],"texture":"#stone_slab_top"},"east":{"uv":[15,11.5,16,12.5],"texture":"#stone_slab_top"},"south":{"uv":[15,11.5,16,12.5],"texture":"#stone_slab_top"},"west":{"uv":[15,11.5,16,12.5],"texture":"#stone_slab_top"},"up":{"uv":[15,11.5,16,12.5],"texture":"#stone_slab_top"},"down":{"uv":[15,11.5,16,12.5],"texture":"#stone_slab_top"}}},{"from":[16.5,-1.5,-7.5],"to":[18.5,-0.5,-5.5],"faces":{"north":{"uv":[4,4,12,12],"texture":"#wielen inner"},"east":{"uv":[4,4,12,12],"texture":"#wielen inner"},"south":{"uv":[4,4,12,12],"texture":"#wielen inner"},"west":{"uv":[4,4,12,12],"texture":"#wielen inner"},"up":{"uv":[4,4,12,12],"texture":"#wielen inner"},"down":{"uv":[4,4,12,12],"texture":"#wielen inner"}}},{"from":[16.5,-1.5,-11.5],"to":[18.5,-0.5,-9.5],"faces":{"north":{"uv":[4,4,12,12],"texture":"#wielen inner"},"east":{"uv":[4,4,12,12],"texture":"#wielen inner"},"south":{"uv":[4,4,12,12],"texture":"#wielen inner"},"west":{"uv":[4,4,12,12],"texture":"#wielen inner"},"up":{"uv":[4,4,12,12],"texture":"#wielen inner"},"down":{"uv":[4,4,12,12],"texture":"#wielen inner"}}},{"from":[16.5,-1.5,-8],"to":[18.5,-0.5,-7.5],"faces":{"north":{"uv":[0,13,1,14],"texture":"#anvil"},"east":{"uv":[0,13,1,14],"texture":"#anvil"},"south":{"uv":[0,13,1,14],"texture":"#anvil"},"west":{"uv":[0,13,1,14],"texture":"#anvil"},"up":{"uv":[0,13,1,14],"texture":"#anvil"},"down":{"uv":[0,13,1,14],"texture":"#anvil"}}},{"from":[16.5,-1.5,-5.5],"to":[18.5,-0.5,-5],"faces":{"north":{"uv":[0,13,1,14],"texture":"#anvil"},"east":{"uv":[0,13,1,14],"texture":"#anvil"},"south":{"uv":[0,13,1,14],"texture":"#anvil"},"west":{"uv":[0,13,1,14],"texture":"#anvil"},"up":{"uv":[0,13,1,14],"texture":"#anvil"},"down":{"uv":[0,13,1,14],"texture":"#anvil"}}},{"from":[16.5,-1.5,-12],"to":[18.5,-0.5,-11.5],"faces":{"north":{"uv":[0,13,1,14],"texture":"#anvil"},"east":{"uv":[0,13,1,14],"texture":"#anvil"},"south":{"uv":[0,13,1,14],"texture":"#anvil"},"west":{"uv":[0,13,1,14],"texture":"#anvil"},"up":{"uv":[0,13,1,14],"texture":"#anvil"},"down":{"uv":[0,13,1,14],"texture":"#anvil"}}},{"from":[16.5,-1.5,-9.5],"to":[18.5,-0.5,-9],"faces":{"north":{"uv":[0,13,1,14],"texture":"#anvil"},"east":{"uv":[0,13,1,14],"texture":"#anvil"},"south":{"uv":[0,13,1,14],"texture":"#anvil"},"west":{"uv":[0,13,1,14],"texture":"#anvil"},"up":{"uv":[0,13,1,14],"texture":"#anvil"},"down":{"uv":[0,13,1,14],"texture":"#anvil"}}},{"from":[18.5,-1.5,27.5],"to":[19,-0.5,29.5],"faces":{"north":{"uv":[0,13,1,14],"texture":"#anvil"},"east":{"uv":[0,13,1,14],"texture":"#anvil"},"south":{"uv":[0,13,1,14],"texture":"#anvil"},"west":{"uv":[0,13,1,14],"texture":"#anvil"},"up":{"uv":[0,13,1,14],"texture":"#anvil"},"down":{"uv":[0,13,1,14],"texture":"#anvil"}}},{"from":[18.5,-1.5,-7.5],"to":[19,-0.5,-5.5],"faces":{"north":{"uv":[0,13,1,14],"texture":"#anvil"},"east":{"uv":[0,13,1,14],"texture":"#anvil"},"south":{"uv":[0,13,1,14],"texture":"#anvil"},"west":{"uv":[0,13,1,14],"texture":"#anvil"},"up":{"uv":[0,13,1,14],"texture":"#anvil"},"down":{"uv":[0,13,1,14],"texture":"#anvil"}}},{"from":[18.5,-1.5,-11.5],"to":[19,-0.5,-9.5],"faces":{"north":{"uv":[0,13,1,14],"texture":"#anvil"},"east":{"uv":[0,13,1,14],"texture":"#anvil"},"south":{"uv":[0,13,1,14],"texture":"#anvil"},"west":{"uv":[0,13,1,14],"texture":"#anvil"},"up":{"uv":[0,13,1,14],"texture":"#anvil"},"down":{"uv":[0,13,1,14],"texture":"#anvil"}}},{"from":[16,-1.5,-11.5],"to":[16.5,-0.5,-9.5],"faces":{"north":{"uv":[0,13,1,14],"texture":"#anvil"},"east":{"uv":[0,13,1,14],"texture":"#anvil"},"south":{"uv":[0,13,1,14],"texture":"#anvil"},"west":{"uv":[0,13,1,14],"texture":"#anvil"},"up":{"uv":[0,13,1,14],"texture":"#anvil"},"down":{"uv":[0,13,1,14],"texture":"#anvil"}}},{"from":[14.5,0.5,-12],"to":[16,3,-9.5],"faces":{"north":{"uv":[4,4,12,12],"texture":"#wielen inner"},"east":{"uv":[4,4,12,12],"texture":"#wielen inner"},"south":{"uv":[4,4,12,12],"texture":"#wielen inner"},"west":{"uv":[4,4,12,12],"texture":"#wielen inner"},"up":{"uv":[4,4,12,12],"texture":"#wielen inner"},"down":{"uv":[4,4,12,12],"texture":"#wielen inner"}}},{"from":[14.5,0.5,-7.5],"to":[16,3,-5],"faces":{"north":{"uv":[4,4,12,12],"texture":"#wielen inner"},"east":{"uv":[4,4,12,12],"texture":"#wielen inner"},"south":{"uv":[4,4,12,12],"texture":"#wielen inner"},"west":{"uv":[4,4,12,12],"texture":"#wielen inner"},"up":{"uv":[4,4,12,12],"texture":"#wielen inner"},"down":{"uv":[4,4,12,12],"texture":"#wielen inner"}}},{"from":[14.5,0,-12],"to":[16,0.5,-9.5],"faces":{"north":{"uv":[0,13,1,14],"texture":"#anvil"},"east":{"uv":[0,13,1,14],"texture":"#anvil"},"south":{"uv":[0,13,1,14],"texture":"#anvil"},"west":{"uv":[0,13,1,14],"texture":"#anvil"},"up":{"uv":[0,13,1,14],"texture":"#anvil"},"down":{"uv":[0,13,1,14],"texture":"#anvil"}}},{"from":[14.5,0,-7.5],"to":[16,0.5,-5],"faces":{"north":{"uv":[0,13,1,14],"texture":"#anvil"},"east":{"uv":[0,13,1,14],"texture":"#anvil"},"south":{"uv":[0,13,1,14],"texture":"#anvil"},"west":{"uv":[0,13,1,14],"texture":"#anvil"},"up":{"uv":[0,13,1,14],"texture":"#anvil"},"down":{"uv":[0,13,1,14],"texture":"#anvil"}}},{"from":[14.5,3,-7.5],"to":[16,3.5,-5],"faces":{"north":{"uv":[0,13,1,14],"texture":"#anvil"},"east":{"uv":[0,13,1,14],"texture":"#anvil"},"south":{"uv":[0,13,1,14],"texture":"#anvil"},"west":{"uv":[0,13,1,14],"texture":"#anvil"},"up":{"uv":[0,13,1,14],"texture":"#anvil"},"down":{"uv":[0,13,1,14],"texture":"#anvil"}}},{"from":[0,3,-12],"to":[1.5,3.5,-9.5],"faces":{"north":{"uv":[0,13,1,14],"texture":"#anvil"},"east":{"uv":[0,13,1,14],"texture":"#anvil"},"south":{"uv":[0,13,1,14],"texture":"#anvil"},"west":{"uv":[0,13,1,14],"texture":"#anvil"},"up":{"uv":[0,13,1,14],"texture":"#anvil"},"down":{"uv":[0,13,1,14],"texture":"#anvil"}}},{"from":[14.5,0.5,-12.5],"to":[16,3,-12],"faces":{"north":{"uv":[0,13,1,14],"texture":"#anvil"},"east":{"uv":[0,13,1,14],"texture":"#anvil"},"south":{"uv":[0,13,1,14],"texture":"#anvil"},"west":{"uv":[0,13,1,14],"texture":"#anvil"},"up":{"uv":[0,13,1,14],"texture":"#anvil"},"down":{"uv":[0,13,1,14],"texture":"#anvil"}}},{"from":[0,0.5,-5],"to":[1.5,3,-4.5],"faces":{"north":{"uv":[0,13,1,14],"texture":"#anvil"},"east":{"uv":[0,13,1,14],"texture":"#anvil"},"south":{"uv":[0,13,1,14],"texture":"#anvil"},"west":{"uv":[0,13,1,14],"texture":"#anvil"},"up":{"uv":[0,13,1,14],"texture":"#anvil"},"down":{"uv":[0,13,1,14],"texture":"#anvil"}}},{"from":[14.5,0.5,-8],"to":[16,3,-7.5],"faces":{"north":{"uv":[0,13,1,14],"texture":"#anvil"},"east":{"uv":[0,13,1,14],"texture":"#anvil"},"south":{"uv":[0,13,1,14],"texture":"#anvil"},"west":{"uv":[0,13,1,14],"texture":"#anvil"},"up":{"uv":[0,13,1,14],"texture":"#anvil"},"down":{"uv":[0,13,1,14],"texture":"#anvil"}}},{"from":[14.5,0.5,-9.5],"to":[16,3,-9],"faces":{"north":{"uv":[0,13,1,14],"texture":"#anvil"},"east":{"uv":[0,13,1,14],"texture":"#anvil"},"south":{"uv":[0,13,1,14],"texture":"#anvil"},"west":{"uv":[0,13,1,14],"texture":"#anvil"},"up":{"uv":[0,13,1,14],"texture":"#anvil"},"down":{"uv":[0,13,1,14],"texture":"#anvil"}}},{"from":[-2.5,-1.5,-11.5],"to":[-0.5,-0.5,-9.5],"faces":{"north":{"uv":[4,4,12,12],"texture":"#wielen inner"},"east":{"uv":[4,4,12,12],"texture":"#wielen inner"},"south":{"uv":[4,4,12,12],"texture":"#wielen inner"},"west":{"uv":[4,4,12,12],"texture":"#wielen inner"},"up":{"uv":[4,4,12,12],"texture":"#wielen inner"},"down":{"uv":[4,4,12,12],"texture":"#wielen inner"}}},{"from":[-2.5,-1.5,-7.5],"to":[-0.5,-0.5,-5.5],"faces":{"north":{"uv":[4,4,12,12],"texture":"#wielen inner"},"east":{"uv":[4,4,12,12],"texture":"#wielen inner"},"south":{"uv":[4,4,12,12],"texture":"#wielen inner"},"west":{"uv":[4,4,12,12],"texture":"#wielen inner"},"up":{"uv":[4,4,12,12],"texture":"#wielen inner"},"down":{"uv":[4,4,12,12],"texture":"#wielen inner"}}},{"from":[-2.5,-1.5,-5.5],"to":[-0.5,-0.5,-5],"faces":{"north":{"uv":[0,13,1,14],"texture":"#anvil"},"east":{"uv":[0,13,1,14],"texture":"#anvil"},"south":{"uv":[0,13,1,14],"texture":"#anvil"},"west":{"uv":[0,13,1,14],"texture":"#anvil"},"up":{"uv":[0,13,1,14],"texture":"#anvil"},"down":{"uv":[0,13,1,14],"texture":"#anvil"}}},{"from":[-2.5,-1.5,-12],"to":[-0.5,-0.5,-11.5],"faces":{"north":{"uv":[0,13,1,14],"texture":"#anvil"},"east":{"uv":[0,13,1,14],"texture":"#anvil"},"south":{"uv":[0,13,1,14],"texture":"#anvil"},"west":{"uv":[0,13,1,14],"texture":"#anvil"},"up":{"uv":[0,13,1,14],"texture":"#anvil"},"down":{"uv":[0,13,1,14],"texture":"#anvil"}}},{"from":[-2.5,-1.5,-9.5],"to":[-0.5,-0.5,-9],"faces":{"north":{"uv":[0,13,1,14],"texture":"#anvil"},"east":{"uv":[0,13,1,14],"texture":"#anvil"},"south":{"uv":[0,13,1,14],"texture":"#anvil"},"west":{"uv":[0,13,1,14],"texture":"#anvil"},"up":{"uv":[0,13,1,14],"texture":"#anvil"},"down":{"uv":[0,13,1,14],"texture":"#anvil"}}},{"from":[-2.5,-1.5,-8],"to":[-0.5,-0.5,-7.5],"faces":{"north":{"uv":[0,13,1,14],"texture":"#anvil"},"east":{"uv":[0,13,1,14],"texture":"#anvil"},"south":{"uv":[0,13,1,14],"texture":"#anvil"},"west":{"uv":[0,13,1,14],"texture":"#anvil"},"up":{"uv":[0,13,1,14],"texture":"#anvil"},"down":{"uv":[0,13,1,14],"texture":"#anvil"}}},{"from":[-3,-1.5,-11.5],"to":[-2.5,-0.5,-9.5],"faces":{"north":{"uv":[0,13,1,14],"texture":"#anvil"},"east":{"uv":[0,13,1,14],"texture":"#anvil"},"south":{"uv":[0,13,1,14],"texture":"#anvil"},"west":{"uv":[0,13,1,14],"texture":"#anvil"},"up":{"uv":[0,13,1,14],"texture":"#anvil"},"down":{"uv":[0,13,1,14],"texture":"#anvil"}}},{"from":[-0.5,-1.5,-11.5],"to":[0,-0.5,-9.5],"faces":{"north":{"uv":[0,13,1,14],"texture":"#anvil"},"east":{"uv":[0,13,1,14],"texture":"#anvil"},"south":{"uv":[0,13,1,14],"texture":"#anvil"},"west":{"uv":[0,13,1,14],"texture":"#anvil"},"up":{"uv":[0,13,1,14],"texture":"#anvil"},"down":{"uv":[0,13,1,14],"texture":"#anvil"}}},{"from":[-0.5,-1.5,-7.5],"to":[0,-0.5,-5.5],"faces":{"north":{"uv":[0,13,1,14],"texture":"#anvil"},"east":{"uv":[0,13,1,14],"texture":"#anvil"},"south":{"uv":[0,13,1,14],"texture":"#anvil"},"west":{"uv":[0,13,1,14],"texture":"#anvil"},"up":{"uv":[0,13,1,14],"texture":"#anvil"},"down":{"uv":[0,13,1,14],"texture":"#anvil"}}},{"from":[-3,-1.5,-7.5],"to":[-2.5,-0.5,-5.5],"faces":{"north":{"uv":[0,13,1,14],"texture":"#anvil"},"east":{"uv":[0,13,1,14],"texture":"#anvil"},"south":{"uv":[0,13,1,14],"texture":"#anvil"},"west":{"uv":[0,13,1,14],"texture":"#anvil"},"up":{"uv":[0,13,1,14],"texture":"#anvil"},"down":{"uv":[0,13,1,14],"texture":"#anvil"}}},{"from":[14.5,3,-12],"to":[16,3.5,-9.5],"faces":{"north":{"uv":[0,13,1,14],"texture":"#anvil"},"east":{"uv":[0,13,1,14],"texture":"#anvil"},"south":{"uv":[0,13,1,14],"texture":"#anvil"},"west":{"uv":[0,13,1,14],"texture":"#anvil"},"up":{"uv":[0,13,1,14],"texture":"#anvil"},"down":{"uv":[0,13,1,14],"texture":"#anvil"}}},{"from":[0,0,-12],"to":[1.5,0.5,-9.5],"faces":{"north":{"uv":[0,13,1,14],"texture":"#anvil"},"east":{"uv":[0,13,1,14],"texture":"#anvil"},"south":{"uv":[0,13,1,14],"texture":"#anvil"},"west":{"uv":[0,13,1,14],"texture":"#anvil"},"up":{"uv":[0,13,1,14],"texture":"#anvil"},"down":{"uv":[0,13,1,14],"texture":"#anvil"}}},{"from":[0,3,-7.5],"to":[1.5,3.5,-5],"faces":{"north":{"uv":[0,13,1,14],"texture":"#anvil"},"east":{"uv":[0,13,1,14],"texture":"#anvil"},"south":{"uv":[0,13,1,14],"texture":"#anvil"},"west":{"uv":[0,13,1,14],"texture":"#anvil"},"up":{"uv":[0,13,1,14],"texture":"#anvil"},"down":{"uv":[0,13,1,14],"texture":"#anvil"}}},{"from":[0,0,-7.5],"to":[1.5,0.5,-5],"faces":{"north":{"uv":[0,13,1,14],"texture":"#anvil"},"east":{"uv":[0,13,1,14],"texture":"#anvil"},"south":{"uv":[0,13,1,14],"texture":"#anvil"},"west":{"uv":[0,13,1,14],"texture":"#anvil"},"up":{"uv":[0,13,1,14],"texture":"#anvil"},"down":{"uv":[0,13,1,14],"texture":"#anvil"}}},{"from":[14.5,0.5,-5],"to":[16,3,-4.5],"faces":{"north":{"uv":[0,13,1,14],"texture":"#anvil"},"east":{"uv":[0,13,1,14],"texture":"#anvil"},"south":{"uv":[0,13,1,14],"texture":"#anvil"},"west":{"uv":[0,13,1,14],"texture":"#anvil"},"up":{"uv":[0,13,1,14],"texture":"#anvil"},"down":{"uv":[0,13,1,14],"texture":"#anvil"}}},{"from":[0,0.5,-8],"to":[1.5,3,-7.5],"faces":{"north":{"uv":[0,13,1,14],"texture":"#anvil"},"east":{"uv":[0,13,1,14],"texture":"#anvil"},"south":{"uv":[0,13,1,14],"texture":"#anvil"},"west":{"uv":[0,13,1,14],"texture":"#anvil"},"up":{"uv":[0,13,1,14],"texture":"#anvil"},"down":{"uv":[0,13,1,14],"texture":"#anvil"}}},{"from":[0,0.5,-9.5],"to":[1.5,3,-9],"faces":{"north":{"uv":[0,13,1,14],"texture":"#anvil"},"east":{"uv":[0,13,1,14],"texture":"#anvil"},"south":{"uv":[0,13,1,14],"texture":"#anvil"},"west":{"uv":[0,13,1,14],"texture":"#anvil"},"up":{"uv":[0,13,1,14],"texture":"#anvil"},"down":{"uv":[0,13,1,14],"texture":"#anvil"}}},{"from":[0,0.5,-12.5],"to":[1.5,3,-12],"faces":{"north":{"uv":[0,13,1,14],"texture":"#anvil"},"east":{"uv":[0,13,1,14],"texture":"#anvil"},"south":{"uv":[0,13,1,14],"texture":"#anvil"},"west":{"uv":[0,13,1,14],"texture":"#anvil"},"up":{"uv":[0,13,1,14],"texture":"#anvil"},"down":{"uv":[0,13,1,14],"texture":"#anvil"}}},{"from":[0,0.5,-12],"to":[1.5,3,-9.5],"faces":{"north":{"uv":[4,4,12,12],"texture":"#wielen inner"},"east":{"uv":[4,4,12,12],"texture":"#wielen inner"},"south":{"uv":[4,4,12,12],"texture":"#wielen inner"},"west":{"uv":[4,4,12,12],"texture":"#wielen inner"},"up":{"uv":[4,4,12,12],"texture":"#wielen inner"},"down":{"uv":[4,4,12,12],"texture":"#wielen inner"}}},{"from":[0,0.5,-7.5],"to":[1.5,3,-5],"faces":{"north":{"uv":[4,4,12,12],"texture":"#wielen inner"},"east":{"uv":[4,4,12,12],"texture":"#wielen inner"},"south":{"uv":[4,4,12,12],"texture":"#wielen inner"},"west":{"uv":[4,4,12,12],"texture":"#wielen inner"},"up":{"uv":[4,4,12,12],"texture":"#wielen inner"},"down":{"uv":[4,4,12,12],"texture":"#wielen inner"}}},{"from":[2,3.425,-15],"to":[14,5,-3],"faces":{"north":{"uv":[2,11.5,14,12.5],"texture":"#stone_slab_top"},"east":{"uv":[0,11.5,12,12.5],"texture":"#stone_slab_top"},"south":{"uv":[2,11.5,14,12.5],"texture":"#stone_slab_top"},"west":{"uv":[0,11.5,12,12.5],"texture":"#stone_slab_top"},"up":{"uv":[2,0,14,12],"texture":"#stone_slab_top"},"down":{"uv":[2,0,14,12],"texture":"#stone_slab_top"}}},{"from":[-2,9,0],"to":[18,16.5,1],"faces":{"north":{"uv":[0,0,16,7.5],"texture":"#anvil"},"east":{"uv":[0,0,1,7.5],"texture":"#anvil"},"south":{"uv":[0,0,16,7.5],"texture":"#anvil"},"west":{"uv":[0,0,1,7.5],"texture":"#anvil"},"up":{"uv":[0,0,16,1],"texture":"#anvil"},"down":{"uv":[0,0,16,1],"texture":"#anvil"}}},{"from":[-2,9,28],"to":[18,16.5,29],"faces":{"north":{"uv":[0,0,16,7.5],"texture":"#anvil"},"east":{"uv":[0,0,1,7.5],"texture":"#anvil"},"south":{"uv":[0,0,16,7.5],"texture":"#anvil"},"west":{"uv":[0,0,1,7.5],"texture":"#anvil"},"up":{"uv":[0,0,16,1],"texture":"#anvil"},"down":{"uv":[0,0,16,1],"texture":"#anvil"}}},{"from":[-2,9,14],"to":[18,16.5,15],"faces":{"north":{"uv":[0,0,16,7.5],"texture":"#anvil"},"east":{"uv":[0,0,1,7.5],"texture":"#anvil"},"south":{"uv":[0,0,16,7.5],"texture":"#anvil"},"west":{"uv":[0,0,1,7.5],"texture":"#anvil"},"up":{"uv":[0,0,16,1],"texture":"#anvil"},"down":{"uv":[0,0,16,1],"texture":"#anvil"}}},{"from":[-2.5,5.5,15],"to":[18.5,17,15.5],"faces":{"north":{"uv":[0,0.5,16,10.5],"texture":"#spruce_planks"},"east":{"uv":[14,0.5,14.5,10.5],"texture":"#spruce_planks"},"south":{"uv":[0,0.5,16,10.5],"texture":"#spruce_planks"},"west":{"uv":[14,0.5,14.5,10.5],"texture":"#spruce_planks"},"up":{"uv":[0,14,16,14.5],"texture":"#spruce_planks"},"down":{"uv":[0,14,16,14.5],"texture":"#spruce_planks"}}},{"from":[-2.5,6,29],"to":[18.5,17,29.5],"faces":{"north":{"uv":[0,0.5,16,10.5],"texture":"#spruce_planks"},"east":{"uv":[14,0.5,14.5,10.5],"texture":"#spruce_planks"},"south":{"uv":[0,0.5,16,10.5],"texture":"#spruce_planks"},"west":{"uv":[14,0.5,14.5,10.5],"texture":"#spruce_planks"},"up":{"uv":[0,14,16,14.5],"texture":"#spruce_planks"},"down":{"uv":[0,14,16,14.5],"texture":"#spruce_planks"}}},{"from":[-2.5,5.5,1],"to":[18.5,17,1.5],"faces":{"north":{"uv":[0,0.5,16,10.5],"texture":"#spruce_planks"},"east":{"uv":[14,0.5,14.5,10.5],"texture":"#spruce_planks"},"south":{"uv":[0,0.5,16,10.5],"texture":"#spruce_planks"},"west":{"uv":[14,0.5,14.5,10.5],"texture":"#spruce_planks"},"up":{"uv":[0,14,16,14.5],"texture":"#spruce_planks"},"down":{"uv":[0,14,16,14.5],"texture":"#spruce_planks"}}},{"from":[-3,5.5,-14.5],"to":[-2.5,15,-12.5],"faces":{"north":{"uv":[0,1,0.5,10.5],"texture":"#spruce_planks"},"east":{"uv":[0,1,3,10.5],"texture":"#spruce_planks"},"south":{"uv":[0,1,0.5,10.5],"texture":"#spruce_planks"},"west":{"uv":[0,1,3,10.5],"texture":"#spruce_planks"},"up":{"uv":[0,0,0.5,3],"texture":"#spruce_planks"},"down":{"uv":[-3,-15.5,-2.5,-12.5],"texture":"#spruce_planks"}}},{"from":[18.5,5.5,8.5],"to":[19,17,15.5],"faces":{"north":{"uv":[0,0.5,0.5,10.5],"texture":"#spruce_planks"},"east":{"uv":[7.5,0.5,14.5,10.5],"texture":"#spruce_planks"},"south":{"uv":[0,0.5,0.5,10.5],"texture":"#spruce_planks"},"west":{"uv":[7.5,0.5,14.5,10.5],"texture":"#spruce_planks"},"up":{"uv":[0,7.5,0.5,14.5],"texture":"#spruce_planks"},"down":{"uv":[0,7.5,0.5,14.5],"texture":"#spruce_planks"}}},{"from":[18.5,5.5,-5.5],"to":[19,17,1.5],"faces":{"north":{"uv":[0,0.5,0.5,10.5],"texture":"#spruce_planks"},"east":{"uv":[7.5,0.5,14.5,10.5],"texture":"#spruce_planks"},"south":{"uv":[0,0.5,0.5,10.5],"texture":"#spruce_planks"},"west":{"uv":[7.5,0.5,14.5,10.5],"texture":"#spruce_planks"},"up":{"uv":[0,7.5,0.5,14.5],"texture":"#spruce_planks"},"down":{"uv":[0,7.5,0.5,14.5],"texture":"#spruce_planks"}}},{"from":[18.5,5.5,22.5],"to":[19,17,29.5],"faces":{"north":{"uv":[0,0.5,0.5,10.5],"texture":"#spruce_planks"},"east":{"uv":[7.5,0.5,14.5,10.5],"texture":"#spruce_planks"},"south":{"uv":[0,0.5,0.5,10.5],"texture":"#spruce_planks"},"west":{"uv":[7.5,0.5,14.5,10.5],"texture":"#spruce_planks"},"up":{"uv":[0,7.5,0.5,14.5],"texture":"#spruce_planks"},"down":{"uv":[0,7.5,0.5,14.5],"texture":"#spruce_planks"}}},{"from":[-2.5,5.5,9.5],"to":[18.5,9,10],"faces":{"north":{"uv":[0,7,16,10.5],"texture":"#spruce_planks"},"east":{"uv":[8.5,7,9,10.5],"texture":"#spruce_planks"},"south":{"uv":[0,7,16,10.5],"texture":"#spruce_planks"},"west":{"uv":[8.5,7,9,10.5],"texture":"#spruce_planks"},"up":{"uv":[0,8.5,16,9],"texture":"#spruce_planks"},"down":{"uv":[0,8.5,16,9],"texture":"#spruce_planks"}}},{"from":[-2,5.5,23.5],"to":[18.5,9,24],"faces":{"north":{"uv":[0,7,16,10.5],"texture":"#spruce_planks"},"east":{"uv":[8.5,7,9,10.5],"texture":"#spruce_planks"},"south":{"uv":[0,7,16,10.5],"texture":"#spruce_planks"},"west":{"uv":[8.5,7,9,10.5],"texture":"#spruce_planks"},"up":{"uv":[0,8.5,16,9],"texture":"#spruce_planks"},"down":{"uv":[0,8.5,16,9],"texture":"#spruce_planks"}}},{"from":[-2.5,5.5,-4.5],"to":[18.5,9,-4],"faces":{"north":{"uv":[0,7,16,10.5],"texture":"#spruce_planks"},"east":{"uv":[8.5,7,9,10.5],"texture":"#spruce_planks"},"south":{"uv":[0,7,16,10.5],"texture":"#spruce_planks"},"west":{"uv":[8.5,7,9,10.5],"texture":"#spruce_planks"},"up":{"uv":[0,8.5,16,9],"texture":"#spruce_planks"},"down":{"uv":[0,8.5,16,9],"texture":"#spruce_planks"}}},{"from":[-3,5.5,1.5],"to":[-2.5,8.5,8.5],"faces":{"north":{"uv":[0,7.5,0.5,10.5],"texture":"#spruce_planks"},"east":{"uv":[2,7.5,8.5,10.5],"texture":"#spruce_planks"},"south":{"uv":[0,7.5,0.5,10.5],"texture":"#spruce_planks"},"west":{"uv":[2,7.5,8.5,10.5],"texture":"#spruce_planks"},"up":{"uv":[0,2,0.5,8.5],"texture":"#spruce_planks"},"down":{"uv":[-3,2,-2.5,8.5],"texture":"#spruce_planks"}}},{"from":[-2.5,5.5,-15],"to":[18.5,15,-14],"faces":{"north":{"uv":[0,1,16,10.5],"texture":"#spruce_planks"},"east":{"uv":[0,1,0.5,10.5],"texture":"#spruce_planks"},"south":{"uv":[0,1,16,10.5],"texture":"#spruce_planks"},"west":{"uv":[0,1,0.5,10.5],"texture":"#spruce_planks"},"up":{"uv":[-5,0,16,0.5],"texture":"#spruce_planks"},"down":{"uv":[-5,0,16,0.5],"texture":"#spruce_planks"}}},{"from":[-3,5.5,15.5],"to":[-2.5,8.5,22.5],"faces":{"north":{"uv":[0,7.5,0.5,10.5],"texture":"#spruce_planks"},"east":{"uv":[2,7.5,8.5,10.5],"texture":"#spruce_planks"},"south":{"uv":[0,7.5,0.5,10.5],"texture":"#spruce_planks"},"west":{"uv":[2,7.5,8.5,10.5],"texture":"#spruce_planks"},"up":{"uv":[0,2,0.5,8.5],"texture":"#spruce_planks"},"down":{"uv":[-3,2,-2.5,8.5],"texture":"#spruce_planks"}}},{"from":[-3,5.5,-12.5],"to":[-2.5,8.5,-5.5],"faces":{"north":{"uv":[0,7.5,0.5,10.5],"texture":"#spruce_planks"},"east":{"uv":[2,7.5,8.5,10.5],"texture":"#spruce_planks"},"south":{"uv":[0,7.5,0.5,10.5],"texture":"#spruce_planks"},"west":{"uv":[2,7.5,8.5,10.5],"texture":"#spruce_planks"},"up":{"uv":[0,2,0.5,8.5],"texture":"#spruce_planks"},"down":{"uv":[-3,2,-2.5,8.5],"texture":"#spruce_planks"}}},{"from":[-3,5.5,8.5],"to":[-2.5,17,15.5],"faces":{"north":{"uv":[0,0.5,0.5,10.5],"texture":"#spruce_planks"},"east":{"uv":[7.5,0.5,14.5,10.5],"texture":"#spruce_planks"},"south":{"uv":[0,0.5,0.5,10.5],"texture":"#spruce_planks"},"west":{"uv":[7.5,0.5,14.5,10.5],"texture":"#spruce_planks"},"up":{"uv":[0,7.5,0.5,14.5],"texture":"#spruce_planks"},"down":{"uv":[0,7.5,0.5,14.5],"texture":"#spruce_planks"}}},{"from":[-3,5.5,22.5],"to":[-2.5,17,29.5],"faces":{"north":{"uv":[0,0.5,0.5,10.5],"texture":"#spruce_planks"},"east":{"uv":[7.5,0.5,14.5,10.5],"texture":"#spruce_planks"},"south":{"uv":[0,0.5,0.5,10.5],"texture":"#spruce_planks"},"west":{"uv":[7.5,0.5,14.5,10.5],"texture":"#spruce_planks"},"up":{"uv":[0,7.5,0.5,14.5],"texture":"#spruce_planks"},"down":{"uv":[0,7.5,0.5,14.5],"texture":"#spruce_planks"}}},{"from":[-3,5.5,-5.5],"to":[-2.5,17,1.5],"faces":{"north":{"uv":[0,0.5,0.5,10.5],"texture":"#spruce_planks"},"east":{"uv":[7.5,0.5,14.5,10.5],"texture":"#spruce_planks"},"south":{"uv":[0,0.5,0.5,10.5],"texture":"#spruce_planks"},"west":{"uv":[7.5,0.5,14.5,10.5],"texture":"#spruce_planks"},"up":{"uv":[0,7.5,0.5,14.5],"texture":"#spruce_planks"},"down":{"uv":[0,7.5,0.5,14.5],"texture":"#spruce_planks"}}},{"from":[18.5,5.5,1.5],"to":[19,8.5,8.5],"faces":{"north":{"uv":[0,7.5,0.5,10.5],"texture":"#spruce_planks"},"east":{"uv":[2,7.5,8.5,10.5],"texture":"#spruce_planks"},"south":{"uv":[0,7.5,0.5,10.5],"texture":"#spruce_planks"},"west":{"uv":[2,7.5,8.5,10.5],"texture":"#spruce_planks"},"up":{"uv":[0,2,0.5,8.5],"texture":"#spruce_planks"},"down":{"uv":[-3,2,-2.5,8.5],"texture":"#spruce_planks"}}},{"from":[18.5,5.5,15.5],"to":[19,8.5,22.5],"faces":{"north":{"uv":[0,7.5,0.5,10.5],"texture":"#spruce_planks"},"east":{"uv":[2,7.5,8.5,10.5],"texture":"#spruce_planks"},"south":{"uv":[0,7.5,0.5,10.5],"texture":"#spruce_planks"},"west":{"uv":[2,7.5,8.5,10.5],"texture":"#spruce_planks"},"up":{"uv":[0,2,0.5,8.5],"texture":"#spruce_planks"},"down":{"uv":[-3,2,-2.5,8.5],"texture":"#spruce_planks"}}},{"from":[18.5,5.5,-12.5],"to":[19,8.5,-5.5],"faces":{"north":{"uv":[0,7.5,0.5,10.5],"texture":"#spruce_planks"},"east":{"uv":[2,7.5,8.5,10.5],"texture":"#spruce_planks"},"south":{"uv":[0,7.5,0.5,10.5],"texture":"#spruce_planks"},"west":{"uv":[2,7.5,8.5,10.5],"texture":"#spruce_planks"},"up":{"uv":[0,2,0.5,8.5],"texture":"#spruce_planks"},"down":{"uv":[-3,2,-2.5,8.5],"texture":"#spruce_planks"}}},{"from":[18.5,5.5,-15],"to":[19,15,-12.5],"faces":{"north":{"uv":[0,1,0.5,10.5],"texture":"#spruce_planks"},"east":{"uv":[0,1,3,10.5],"texture":"#spruce_planks"},"south":{"uv":[0,1,0.5,10.5],"texture":"#spruce_planks"},"west":{"uv":[0,1,3,10.5],"texture":"#spruce_planks"},"up":{"uv":[0,0,0.5,3],"texture":"#spruce_planks"},"down":{"uv":[-3,-15.5,-2.5,-12.5],"texture":"#spruce_planks"}}},{"from":[-3.5,8.5,0.5],"to":[-2,17.5,2],"faces":{"north":{"uv":[0,0,1.5,9],"texture":"#red_terracotta"},"east":{"uv":[0.5,0,2,9],"texture":"#red_terracotta"},"south":{"uv":[0,0,1.5,9],"texture":"#red_terracotta"},"west":{"uv":[0.5,0,2,9],"texture":"#red_terracotta"},"up":{"uv":[0,0.5,1.5,2],"texture":"#red_terracotta"},"down":{"uv":[0,0.5,1.5,2],"texture":"#red_terracotta"}}},{"from":[-3.5,8.5,14.5],"to":[-2,17.5,16],"faces":{"north":{"uv":[0,0,1.5,9],"texture":"#red_terracotta"},"east":{"uv":[0.5,0,2,9],"texture":"#red_terracotta"},"south":{"uv":[0,0,1.5,9],"texture":"#red_terracotta"},"west":{"uv":[0.5,0,2,9],"texture":"#red_terracotta"},"up":{"uv":[0,0.5,1.5,2],"texture":"#red_terracotta"},"down":{"uv":[0,0.5,1.5,2],"texture":"#red_terracotta"}}},{"from":[-3.5,4.5,28.5],"to":[-2,17.5,30],"faces":{"north":{"uv":[0,0,1.5,13.5],"texture":"#red_terracotta"},"east":{"uv":[0.5,0,2,13.5],"texture":"#red_terracotta"},"south":{"uv":[0,0,1.5,13.5],"texture":"#red_terracotta"},"west":{"uv":[0.5,0,2,13.5],"texture":"#red_terracotta"},"up":{"uv":[0,0.5,1.5,2],"texture":"#red_terracotta"},"down":{"uv":[0,0.5,1.5,2],"texture":"#red_terracotta"}}},{"from":[-3.5,8.5,-6],"to":[-2,17.5,-4.5],"faces":{"north":{"uv":[0,0,1.5,9],"texture":"#red_terracotta"},"east":{"uv":[0.5,0,2,9],"texture":"#red_terracotta"},"south":{"uv":[0,0,1.5,9],"texture":"#red_terracotta"},"west":{"uv":[0.5,0,2,9],"texture":"#red_terracotta"},"up":{"uv":[0,0.5,1.5,2],"texture":"#red_terracotta"},"down":{"uv":[0,0.5,1.5,2],"texture":"#red_terracotta"}}},{"from":[-3.5,8.5,8],"to":[-2,17.5,9.5],"faces":{"north":{"uv":[0,0,1.5,9],"texture":"#red_terracotta"},"east":{"uv":[0.5,0,2,9],"texture":"#red_terracotta"},"south":{"uv":[0,0,1.5,9],"texture":"#red_terracotta"},"west":{"uv":[0.5,0,2,9],"texture":"#red_terracotta"},"up":{"uv":[0,0.5,1.5,2],"texture":"#red_terracotta"},"down":{"uv":[0,0.5,1.5,2],"texture":"#red_terracotta"}}},{"from":[-3.5,8.5,22],"to":[-2,17.5,23.5],"faces":{"north":{"uv":[0,0,1.5,9],"texture":"#red_terracotta"},"east":{"uv":[0.5,0,2,9],"texture":"#red_terracotta"},"south":{"uv":[0,0,1.5,9],"texture":"#red_terracotta"},"west":{"uv":[0.5,0,2,9],"texture":"#red_terracotta"},"up":{"uv":[0,0.5,1.5,2],"texture":"#red_terracotta"},"down":{"uv":[0,0.5,1.5,2],"texture":"#red_terracotta"}}},{"from":[-3.5,16.5,-4.5],"to":[-2,17.5,0.5],"faces":{"north":{"uv":[0,0,1.5,1],"texture":"#red_terracotta"},"east":{"uv":[0,0,5,1],"texture":"#red_terracotta"},"south":{"uv":[0,0,1.5,1],"texture":"#red_terracotta"},"west":{"uv":[0,0,5,1],"texture":"#red_terracotta"},"up":{"uv":[0,0,1.5,5],"texture":"#red_terracotta"},"down":{"uv":[0,0,1.5,5],"texture":"#red_terracotta"}}},{"from":[-3.5,16.5,9.5],"to":[-2,17.5,14.5],"faces":{"north":{"uv":[0,0,1.5,1],"texture":"#red_terracotta"},"east":{"uv":[0,0,5,1],"texture":"#red_terracotta"},"south":{"uv":[0,0,1.5,1],"texture":"#red_terracotta"},"west":{"uv":[0,0,5,1],"texture":"#red_terracotta"},"up":{"uv":[0,0,1.5,5],"texture":"#red_terracotta"},"down":{"uv":[0,0,1.5,5],"texture":"#red_terracotta"}}},{"from":[-3.5,16.5,23.5],"to":[-2,17.5,28.5],"faces":{"north":{"uv":[0,0,1.5,1],"texture":"#red_terracotta"},"east":{"uv":[0,0,5,1],"texture":"#red_terracotta"},"south":{"uv":[0,0,1.5,1],"texture":"#red_terracotta"},"west":{"uv":[0,0,5,1],"texture":"#red_terracotta"},"up":{"uv":[0,0,1.5,5],"texture":"#red_terracotta"},"down":{"uv":[0,0,1.5,5],"texture":"#red_terracotta"}}},{"from":[-3.5,8.5,2],"to":[-2,9.5,8],"faces":{"north":{"uv":[0,6.5,1.5,7.5],"texture":"#red_terracotta"},"east":{"uv":[2,6.5,8,7.5],"texture":"#red_terracotta"},"south":{"uv":[0,6.5,1.5,7.5],"texture":"#red_terracotta"},"west":{"uv":[2,6.5,8,7.5],"texture":"#red_terracotta"},"up":{"uv":[0,2,1.5,8],"texture":"#red_terracotta"},"down":{"uv":[0,2,1.5,8],"texture":"#red_terracotta"}}},{"from":[-3.5,8.5,16],"to":[-2,9.5,22],"faces":{"north":{"uv":[0,6.5,1.5,7.5],"texture":"#red_terracotta"},"east":{"uv":[2,6.5,8,7.5],"texture":"#red_terracotta"},"south":{"uv":[0,6.5,1.5,7.5],"texture":"#red_terracotta"},"west":{"uv":[2,6.5,8,7.5],"texture":"#red_terracotta"},"up":{"uv":[0,2,1.5,8],"texture":"#red_terracotta"},"down":{"uv":[0,2,1.5,8],"texture":"#red_terracotta"}}},{"from":[-3.5,8.5,-12],"to":[-2,9.5,-6],"faces":{"north":{"uv":[0,6.5,1.5,7.5],"texture":"#red_terracotta"},"east":{"uv":[2,6.5,8,7.5],"texture":"#red_terracotta"},"south":{"uv":[0,6.5,1.5,7.5],"texture":"#red_terracotta"},"west":{"uv":[2,6.5,8,7.5],"texture":"#red_terracotta"},"up":{"uv":[0,2,1.5,8],"texture":"#red_terracotta"},"down":{"uv":[0,2,1.5,8],"texture":"#red_terracotta"}}},{"from":[-3.5,4.5,-15],"to":[-2,6,28.5],"faces":{"north":{"uv":[0,10,1.5,11.5],"texture":"#red_terracotta"},"east":{"uv":[0,10,16,11.5],"texture":"#red_terracotta"},"south":{"uv":[0,10,1.5,11.5],"texture":"#red_terracotta"},"west":{"uv":[0,10,16,11.5],"texture":"#red_terracotta"},"up":{"uv":[0,0,1.5,16],"texture":"#red_terracotta"},"down":{"uv":[0,0,1.5,16],"texture":"#red_terracotta"}}},{"from":[-3.5,4.5,-15.5],"to":[-2,15,-14.5],"faces":{"north":{"uv":[0,1,1.5,11.5],"texture":"#red_terracotta"},"east":{"uv":[0,1,1.5,11.5],"texture":"#red_terracotta"},"south":{"uv":[0,1,1.5,11.5],"texture":"#red_terracotta"},"west":{"uv":[0,1,1.5,11.5],"texture":"#red_terracotta"},"up":{"uv":[0,0,1.5,1.5],"texture":"#red_terracotta"},"down":{"uv":[0,0,1.5,1.5],"texture":"#red_terracotta"}}},{"from":[-3.5,13.9375,-15.47411],"to":[19.5,14.9375,-14.0625],"rotation":{"angle":-45,"axis":"x","origin":[-3.5,14.9375,-15.5625]},"faces":{"north":{"uv":[0,0,1.5,1],"texture":"#red_terracotta"},"east":{"uv":[0,0,5,1],"texture":"#red_terracotta"},"south":{"uv":[0,0,1.5,1],"texture":"#red_terracotta"},"west":{"uv":[0,0,5,1],"texture":"#red_terracotta"},"up":{"uv":[0,0,1.5,5],"texture":"#red_terracotta"},"down":{"uv":[0,0,1.5,5],"texture":"#red_terracotta"}}},{"from":[-3.5,8.5,-13],"to":[-2,16,-12],"faces":{"north":{"uv":[0,0,1.5,9],"texture":"#red_terracotta"},"east":{"uv":[0.5,0,2,9],"texture":"#red_terracotta"},"south":{"uv":[0,0,1.5,9],"texture":"#red_terracotta"},"west":{"uv":[0.5,0,2,9],"texture":"#red_terracotta"},"up":{"uv":[0,0.5,1.5,2],"texture":"#red_terracotta"},"down":{"uv":[0,0.5,1.5,2],"texture":"#red_terracotta"}}},{"from":[-3.5,15,-14.5],"to":[19.5,16,-13],"faces":{"north":{"uv":[0,0,16,1],"texture":"#red_terracotta"},"east":{"uv":[0,0,1.5,1],"texture":"#red_terracotta"},"south":{"uv":[0,0,16,1],"texture":"#red_terracotta"},"west":{"uv":[0,0,1.5,1],"texture":"#red_terracotta"},"up":{"uv":[0,0,16,0.5],"texture":"#red_terracotta"},"down":{"uv":[0,0,16,0.5],"texture":"#red_terracotta"}}},{"from":[-2,16.5,0.5],"to":[18,17.5,2],"faces":{"north":{"uv":[0,0,16,1],"texture":"#red_terracotta"},"east":{"uv":[0.5,0,2,1],"texture":"#red_terracotta"},"south":{"uv":[0,0,16,1],"texture":"#red_terracotta"},"west":{"uv":[0.5,0,2,1],"texture":"#red_terracotta"},"up":{"uv":[0,0.5,16,2],"texture":"#red_terracotta"},"down":{"uv":[0,0.5,16,2],"texture":"#red_terracotta"}}},{"from":[18,8.5,-13],"to":[19.5,16,-12],"faces":{"north":{"uv":[0,0,1.5,9],"texture":"#red_terracotta"},"east":{"uv":[0.5,0,2,9],"texture":"#red_terracotta"},"south":{"uv":[0,0,1.5,9],"texture":"#red_terracotta"},"west":{"uv":[0.5,0,2,9],"texture":"#red_terracotta"},"up":{"uv":[0,0.5,1.5,2],"texture":"#red_terracotta"},"down":{"uv":[0,0.5,1.5,2],"texture":"#red_terracotta"}}},{"from":[-2,16.5,14.5],"to":[18,17.5,16],"faces":{"north":{"uv":[0,0,16,1],"texture":"#red_terracotta"},"east":{"uv":[0.5,0,2,1],"texture":"#red_terracotta"},"south":{"uv":[0,0,16,1],"texture":"#red_terracotta"},"west":{"uv":[0.5,0,2,1],"texture":"#red_terracotta"},"up":{"uv":[0,0.5,16,2],"texture":"#red_terracotta"},"down":{"uv":[0,0.5,16,2],"texture":"#red_terracotta"}}},{"from":[-2,16.5,28.5],"to":[18,17.5,30],"faces":{"north":{"uv":[0,0,16,1],"texture":"#red_terracotta"},"east":{"uv":[0.5,0,2,1],"texture":"#red_terracotta"},"south":{"uv":[0,0,16,1],"texture":"#red_terracotta"},"west":{"uv":[0.5,0,2,1],"texture":"#red_terracotta"},"up":{"uv":[0,0.5,16,2],"texture":"#red_terracotta"},"down":{"uv":[0,0.5,16,2],"texture":"#red_terracotta"}}},{"from":[18,8.5,-12],"to":[19.5,9.5,-6],"faces":{"north":{"uv":[0,6.5,1.5,7.5],"texture":"#red_terracotta"},"east":{"uv":[2,6.5,8,7.5],"texture":"#red_terracotta"},"south":{"uv":[0,6.5,1.5,7.5],"texture":"#red_terracotta"},"west":{"uv":[2,6.5,8,7.5],"texture":"#red_terracotta"},"up":{"uv":[0,2,1.5,8],"texture":"#red_terracotta"},"down":{"uv":[0,2,1.5,8],"texture":"#red_terracotta"}}},{"from":[18,8.5,-6],"to":[19.5,17.5,-4.5],"faces":{"north":{"uv":[0,0,1.5,9],"texture":"#red_terracotta"},"east":{"uv":[0.5,0,2,9],"texture":"#red_terracotta"},"south":{"uv":[0,0,1.5,9],"texture":"#red_terracotta"},"west":{"uv":[0.5,0,2,9],"texture":"#red_terracotta"},"up":{"uv":[0,0.5,1.5,2],"texture":"#red_terracotta"},"down":{"uv":[0,0.5,1.5,2],"texture":"#red_terracotta"}}},{"from":[18,16.5,-4.5],"to":[19.5,17.5,0.5],"faces":{"north":{"uv":[0,0,1.5,1],"texture":"#red_terracotta"},"east":{"uv":[0,0,5,1],"texture":"#red_terracotta"},"south":{"uv":[0,0,1.5,1],"texture":"#red_terracotta"},"west":{"uv":[0,0,5,1],"texture":"#red_terracotta"},"up":{"uv":[0,0,1.5,5],"texture":"#red_terracotta"},"down":{"uv":[0,0,1.5,5],"texture":"#red_terracotta"}}},{"from":[18,8.5,0.5],"to":[19.5,17.5,2],"faces":{"north":{"uv":[0,0,1.5,9],"texture":"#red_terracotta"},"east":{"uv":[0.5,0,2,9],"texture":"#red_terracotta"},"south":{"uv":[0,0,1.5,9],"texture":"#red_terracotta"},"west":{"uv":[0.5,0,2,9],"texture":"#red_terracotta"},"up":{"uv":[0,0.5,1.5,2],"texture":"#red_terracotta"},"down":{"uv":[0,0.5,1.5,2],"texture":"#red_terracotta"}}},{"from":[18,8.5,14.5],"to":[19.5,17.5,16],"faces":{"north":{"uv":[0,0,1.5,9],"texture":"#red_terracotta"},"east":{"uv":[0.5,0,2,9],"texture":"#red_terracotta"},"south":{"uv":[0,0,1.5,9],"texture":"#red_terracotta"},"west":{"uv":[0.5,0,2,9],"texture":"#red_terracotta"},"up":{"uv":[0,0.5,1.5,2],"texture":"#red_terracotta"},"down":{"uv":[0,0.5,1.5,2],"texture":"#red_terracotta"}}},{"from":[18,16.5,23.5],"to":[19.5,17.5,28.5],"faces":{"north":{"uv":[0,0,1.5,1],"texture":"#red_terracotta"},"east":{"uv":[0,0,5,1],"texture":"#red_terracotta"},"south":{"uv":[0,0,1.5,1],"texture":"#red_terracotta"},"west":{"uv":[0,0,5,1],"texture":"#red_terracotta"},"up":{"uv":[0,0,1.5,5],"texture":"#red_terracotta"},"down":{"uv":[0,0,1.5,5],"texture":"#red_terracotta"}}},{"from":[18,16.5,9.5],"to":[19.5,17.5,14.5],"faces":{"north":{"uv":[0,0,1.5,1],"texture":"#red_terracotta"},"east":{"uv":[0,0,5,1],"texture":"#red_terracotta"},"south":{"uv":[0,0,1.5,1],"texture":"#red_terracotta"},"west":{"uv":[0,0,5,1],"texture":"#red_terracotta"},"up":{"uv":[0,0,1.5,5],"texture":"#red_terracotta"},"down":{"uv":[0,0,1.5,5],"texture":"#red_terracotta"}}},{"from":[18,8.5,22],"to":[19.5,17.5,23.5],"faces":{"north":{"uv":[0,0,1.5,9],"texture":"#red_terracotta"},"east":{"uv":[0.5,0,2,9],"texture":"#red_terracotta"},"south":{"uv":[0,0,1.5,9],"texture":"#red_terracotta"},"west":{"uv":[0.5,0,2,9],"texture":"#red_terracotta"},"up":{"uv":[0,0.5,1.5,2],"texture":"#red_terracotta"},"down":{"uv":[0,0.5,1.5,2],"texture":"#red_terracotta"}}},{"from":[18,8.5,8],"to":[19.5,17.5,9.5],"faces":{"north":{"uv":[0,0,1.5,9],"texture":"#red_terracotta"},"east":{"uv":[0.5,0,2,9],"texture":"#red_terracotta"},"south":{"uv":[0,0,1.5,9],"texture":"#red_terracotta"},"west":{"uv":[0.5,0,2,9],"texture":"#red_terracotta"},"up":{"uv":[0,0.5,1.5,2],"texture":"#red_terracotta"},"down":{"uv":[0,0.5,1.5,2],"texture":"#red_terracotta"}}},{"from":[18,8.5,2],"to":[19.5,9.5,8],"faces":{"north":{"uv":[0,6.5,1.5,7.5],"texture":"#red_terracotta"},"east":{"uv":[2,6.5,8,7.5],"texture":"#red_terracotta"},"south":{"uv":[0,6.5,1.5,7.5],"texture":"#red_terracotta"},"west":{"uv":[2,6.5,8,7.5],"texture":"#red_terracotta"},"up":{"uv":[0,2,1.5,8],"texture":"#red_terracotta"},"down":{"uv":[0,2,1.5,8],"texture":"#red_terracotta"}}},{"from":[18,8.5,16],"to":[19.5,9.5,22],"faces":{"north":{"uv":[0,6.5,1.5,7.5],"texture":"#red_terracotta"},"east":{"uv":[2,6.5,8,7.5],"texture":"#red_terracotta"},"south":{"uv":[0,6.5,1.5,7.5],"texture":"#red_terracotta"},"west":{"uv":[2,6.5,8,7.5],"texture":"#red_terracotta"},"up":{"uv":[0,2,1.5,8],"texture":"#red_terracotta"},"down":{"uv":[0,2,1.5,8],"texture":"#red_terracotta"}}},{"from":[18,4.5,28.5],"to":[19.5,17.5,30],"faces":{"north":{"uv":[0,0,1.5,13.5],"texture":"#red_terracotta"},"east":{"uv":[0.5,0,2,13.5],"texture":"#red_terracotta"},"south":{"uv":[0,0,1.5,13.5],"texture":"#red_terracotta"},"west":{"uv":[0.5,0,2,13.5],"texture":"#red_terracotta"},"up":{"uv":[0,0.5,1.5,2],"texture":"#red_terracotta"},"down":{"uv":[0,0.5,1.5,2],"texture":"#red_terracotta"}}},{"from":[18,4.5,-15.5],"to":[19.5,15,-14.5],"faces":{"north":{"uv":[0,1,1.5,11.5],"texture":"#red_terracotta"},"east":{"uv":[0,1,1.5,11.5],"texture":"#red_terracotta"},"south":{"uv":[0,1,1.5,11.5],"texture":"#red_terracotta"},"west":{"uv":[0,1,1.5,11.5],"texture":"#red_terracotta"},"up":{"uv":[0,0,1.5,1.5],"texture":"#red_terracotta"},"down":{"uv":[0,0,1.5,1.5],"texture":"#red_terracotta"}}},{"from":[18,4.5,-15],"to":[19.5,6,28.5],"faces":{"north":{"uv":[0,10,1.5,11.5],"texture":"#red_terracotta"},"east":{"uv":[0,10,16,11.5],"texture":"#red_terracotta"},"south":{"uv":[0,10,1.5,11.5],"texture":"#red_terracotta"},"west":{"uv":[0,10,16,11.5],"texture":"#red_terracotta"},"up":{"uv":[0,0,1.5,16],"texture":"#red_terracotta"},"down":{"uv":[0,0,1.5,16],"texture":"#red_terracotta"}}},{"from":[-2,4.5,28.5],"to":[18,6,30],"faces":{"north":{"uv":[0,0,16,1.5],"texture":"#red_terracotta"},"east":{"uv":[0.5,0,2,1.5],"texture":"#red_terracotta"},"south":{"uv":[0,0,16,1.5],"texture":"#red_terracotta"},"west":{"uv":[0.5,0,2,1.5],"texture":"#red_terracotta"},"up":{"uv":[0,0.5,16,2],"texture":"#red_terracotta"},"down":{"uv":[0,0.5,16,2],"texture":"#red_terracotta"}}},{"from":[-2,4.5,-15.5],"to":[18,6,-14],"faces":{"north":{"uv":[0,0,16,1.5],"texture":"#red_terracotta"},"east":{"uv":[0.5,0,2,1.5],"texture":"#red_terracotta"},"south":{"uv":[0,0,16,1.5],"texture":"#red_terracotta"},"west":{"uv":[0.5,0,2,1.5],"texture":"#red_terracotta"},"up":{"uv":[0,0.5,16,2],"texture":"#red_terracotta"},"down":{"uv":[0,0.5,16,2],"texture":"#red_terracotta"}}},{"from":[-2.5,16.5,-14],"to":[18.5,17,-13],"faces":{"north":{"uv":[2,1,3,2],"texture":"#stone_slab_top"},"east":{"uv":[2,1,3,2],"texture":"#stone_slab_top"},"south":{"uv":[2,1,3,2],"texture":"#stone_slab_top"},"west":{"uv":[2,1,3,2],"texture":"#stone_slab_top"},"up":{"uv":[2,1,3,2],"texture":"#stone_slab_top"},"down":{"uv":[2,1,3,2],"texture":"#stone_slab_top"}}},{"from":[-1.5,17,1.5],"to":[-0.5,18.5,2],"rotation":{"angle":22.5,"axis":"x","origin":[-1.5,18.5,1.5]},"faces":{"north":{"uv":[2,1,3,2],"texture":"#stone_slab_top"},"east":{"uv":[2,1,3,2],"texture":"#stone_slab_top"},"south":{"uv":[2,1,3,2],"texture":"#stone_slab_top"},"west":{"uv":[2,1,3,2],"texture":"#stone_slab_top"},"up":{"uv":[2,1,3,2],"texture":"#stone_slab_top"},"down":{"uv":[2,1,3,2],"texture":"#stone_slab_top"}}},{"from":[16.5,15.5,-13.5],"to":[17.5,17,-13],"rotation":{"angle":22.5,"axis":"x","origin":[16.5,17,-13.5]},"faces":{"north":{"uv":[2,1,3,2],"texture":"#stone_slab_top"},"east":{"uv":[2,1,3,2],"texture":"#stone_slab_top"},"south":{"uv":[2,1,3,2],"texture":"#stone_slab_top"},"west":{"uv":[2,1,3,2],"texture":"#stone_slab_top"},"up":{"uv":[2,1,3,2],"texture":"#stone_slab_top"},"down":{"uv":[2,1,3,2],"texture":"#stone_slab_top"}}},{"from":[-2.5,18,1],"to":[18.5,18.5,2],"faces":{"north":{"uv":[2,1,3,2],"texture":"#stone_slab_top"},"east":{"uv":[2,1,3,2],"texture":"#stone_slab_top"},"south":{"uv":[2,1,3,2],"texture":"#stone_slab_top"},"west":{"uv":[2,1,3,2],"texture":"#stone_slab_top"},"up":{"uv":[2,1,3,2],"texture":"#stone_slab_top"},"down":{"uv":[2,1,3,2],"texture":"#stone_slab_top"}}},{"from":[16.5,17,1.5],"to":[17.5,18.5,2],"rotation":{"angle":22.5,"axis":"x","origin":[16.5,18.5,1.5]},"faces":{"north":{"uv":[2,1,3,2],"texture":"#stone_slab_top"},"east":{"uv":[2,1,3,2],"texture":"#stone_slab_top"},"south":{"uv":[2,1,3,2],"texture":"#stone_slab_top"},"west":{"uv":[2,1,3,2],"texture":"#stone_slab_top"},"up":{"uv":[2,1,3,2],"texture":"#stone_slab_top"},"down":{"uv":[2,1,3,2],"texture":"#stone_slab_top"}}},{"from":[-2.5,18,15],"to":[18.5,18.5,16],"faces":{"north":{"uv":[2,1,3,2],"texture":"#stone_slab_top"},"east":{"uv":[2,1,3,2],"texture":"#stone_slab_top"},"south":{"uv":[2,1,3,2],"texture":"#stone_slab_top"},"west":{"uv":[2,1,3,2],"texture":"#stone_slab_top"},"up":{"uv":[2,1,3,2],"texture":"#stone_slab_top"},"down":{"uv":[2,1,3,2],"texture":"#stone_slab_top"}}},{"from":[-1.5,17,15.5],"to":[-0.5,18.5,16],"rotation":{"angle":22.5,"axis":"x","origin":[-1.5,18.5,15.5]},"faces":{"north":{"uv":[2,1,3,2],"texture":"#stone_slab_top"},"east":{"uv":[2,1,3,2],"texture":"#stone_slab_top"},"south":{"uv":[2,1,3,2],"texture":"#stone_slab_top"},"west":{"uv":[2,1,3,2],"texture":"#stone_slab_top"},"up":{"uv":[2,1,3,2],"texture":"#stone_slab_top"},"down":{"uv":[2,1,3,2],"texture":"#stone_slab_top"}}},{"from":[16.5,17,15.5],"to":[17.5,18.5,16],"rotation":{"angle":22.5,"axis":"x","origin":[16.5,18.5,15.5]},"faces":{"north":{"uv":[2,1,3,2],"texture":"#stone_slab_top"},"east":{"uv":[2,1,3,2],"texture":"#stone_slab_top"},"south":{"uv":[2,1,3,2],"texture":"#stone_slab_top"},"west":{"uv":[2,1,3,2],"texture":"#stone_slab_top"},"up":{"uv":[2,1,3,2],"texture":"#stone_slab_top"},"down":{"uv":[2,1,3,2],"texture":"#stone_slab_top"}}},{"from":[-1.5,15.5,-13.5],"to":[-0.5,17,-13],"rotation":{"angle":22.5,"axis":"x","origin":[-1.5,17,-13.5]},"faces":{"north":{"uv":[2,1,3,2],"texture":"#stone_slab_top"},"east":{"uv":[2,1,3,2],"texture":"#stone_slab_top"},"south":{"uv":[2,1,3,2],"texture":"#stone_slab_top"},"west":{"uv":[2,1,3,2],"texture":"#stone_slab_top"},"up":{"uv":[2,1,3,2],"texture":"#stone_slab_top"},"down":{"uv":[2,1,3,2],"texture":"#stone_slab_top"}}},{"from":[-1.5,4.75,4.625],"to":[-0.5,14.25,5.125],"rotation":{"angle":22.5,"axis":"x","origin":[-1.5,14.25,4.625]},"faces":{"north":{"uv":[0,1.75,1,11.25],"texture":"#cauldron_inner"},"east":{"uv":[4.625,1.75,5.625,11.25],"texture":"#cauldron_inner"},"south":{"uv":[0,1.75,1,11.25],"texture":"#cauldron_inner"},"west":{"uv":[4.625,1.75,5.625,11.25],"texture":"#cauldron_inner"},"up":{"uv":[0,4.625,1,5.625],"texture":"#cauldron_inner"},"down":{"uv":[0,4.625,1,5.625],"texture":"#cauldron_inner"}}},{"from":[16.5,4.75,4.5625],"to":[17.5,14.25,5.0625],"rotation":{"angle":22.5,"axis":"x","origin":[16.5,14.25,4.5625]},"faces":{"north":{"uv":[0,1.75,1,11.25],"texture":"#cauldron_inner"},"east":{"uv":[4.625,1.75,5.625,11.25],"texture":"#cauldron_inner"},"south":{"uv":[0,1.75,1,11.25],"texture":"#cauldron_inner"},"west":{"uv":[4.625,1.75,5.625,11.25],"texture":"#cauldron_inner"},"up":{"uv":[0,4.625,1,5.625],"texture":"#cauldron_inner"},"down":{"uv":[0,4.625,1,5.625],"texture":"#cauldron_inner"}}},{"from":[-1.5,14,4.5],"to":[17.5,14.5,5.5],"faces":{"north":{"uv":[0,1.5,16,2.5],"texture":"#cauldron_inner"},"east":{"uv":[4.5,1.5,5.5,2.5],"texture":"#cauldron_inner"},"south":{"uv":[0,1.5,16,2.5],"texture":"#cauldron_inner"},"west":{"uv":[4.5,1.5,5.5,2.5],"texture":"#cauldron_inner"},"up":{"uv":[0,4.5,16,5.5],"texture":"#cauldron_inner"},"down":{"uv":[0,4.5,16,5.5],"texture":"#cauldron_inner"}}},{"from":[-1.5,4.75,-9.375],"to":[-0.5,14.25,-8.875],"rotation":{"angle":22.5,"axis":"x","origin":[-1.5,14.25,-9.375]},"faces":{"north":{"uv":[0,1.75,1,11.25],"texture":"#cauldron_inner"},"east":{"uv":[4.625,1.75,5.625,11.25],"texture":"#cauldron_inner"},"south":{"uv":[0,1.75,1,11.25],"texture":"#cauldron_inner"},"west":{"uv":[4.625,1.75,5.625,11.25],"texture":"#cauldron_inner"},"up":{"uv":[0,4.625,1,5.625],"texture":"#cauldron_inner"},"down":{"uv":[0,4.625,1,5.625],"texture":"#cauldron_inner"}}},{"from":[-1.5,14,-9.5],"to":[17.5,14.5,-8.5],"faces":{"north":{"uv":[0,1.5,16,2.5],"texture":"#cauldron_inner"},"east":{"uv":[4.5,1.5,5.5,2.5],"texture":"#cauldron_inner"},"south":{"uv":[0,1.5,16,2.5],"texture":"#cauldron_inner"},"west":{"uv":[4.5,1.5,5.5,2.5],"texture":"#cauldron_inner"},"up":{"uv":[0,4.5,16,5.5],"texture":"#cauldron_inner"},"down":{"uv":[0,4.5,16,5.5],"texture":"#cauldron_inner"}}},{"from":[16.5,4.75,-9.375],"to":[17.5,14.25,-8.875],"rotation":{"angle":22.5,"axis":"x","origin":[16.5,14.25,-9.375]},"faces":{"north":{"uv":[0,1.75,1,11.25],"texture":"#cauldron_inner"},"east":{"uv":[4.625,1.75,5.625,11.25],"texture":"#cauldron_inner"},"south":{"uv":[0,1.75,1,11.25],"texture":"#cauldron_inner"},"west":{"uv":[4.625,1.75,5.625,11.25],"texture":"#cauldron_inner"},"up":{"uv":[0,4.625,1,5.625],"texture":"#cauldron_inner"},"down":{"uv":[0,4.625,1,5.625],"texture":"#cauldron_inner"}}},{"from":[-1.5,4.75,18.625],"to":[-0.5,14.25,19.125],"rotation":{"angle":22.5,"axis":"x","origin":[-1.5,14.25,18.625]},"faces":{"north":{"uv":[0,1.75,1,11.25],"texture":"#cauldron_inner"},"east":{"uv":[4.625,1.75,5.625,11.25],"texture":"#cauldron_inner"},"south":{"uv":[0,1.75,1,11.25],"texture":"#cauldron_inner"},"west":{"uv":[4.625,1.75,5.625,11.25],"texture":"#cauldron_inner"},"up":{"uv":[0,4.625,1,5.625],"texture":"#cauldron_inner"},"down":{"uv":[0,4.625,1,5.625],"texture":"#cauldron_inner"}}},{"from":[16.5,4.75,18.625],"to":[17.5,14.25,19.125],"rotation":{"angle":22.5,"axis":"x","origin":[16.5,14.25,18.625]},"faces":{"north":{"uv":[0,1.75,1,11.25],"texture":"#cauldron_inner"},"east":{"uv":[4.625,1.75,5.625,11.25],"texture":"#cauldron_inner"},"south":{"uv":[0,1.75,1,11.25],"texture":"#cauldron_inner"},"west":{"uv":[4.625,1.75,5.625,11.25],"texture":"#cauldron_inner"},"up":{"uv":[0,4.625,1,5.625],"texture":"#cauldron_inner"},"down":{"uv":[0,4.625,1,5.625],"texture":"#cauldron_inner"}}},{"from":[-1.5,14,18.5],"to":[17.5,14.5,19.5],"faces":{"north":{"uv":[0,1.5,16,2.5],"texture":"#cauldron_inner"},"east":{"uv":[4.5,1.5,5.5,2.5],"texture":"#cauldron_inner"},"south":{"uv":[0,1.5,16,2.5],"texture":"#cauldron_inner"},"west":{"uv":[4.5,1.5,5.5,2.5],"texture":"#cauldron_inner"},"up":{"uv":[0,4.5,16,5.5],"texture":"#cauldron_inner"},"down":{"uv":[0,4.5,16,5.5],"texture":"#cauldron_inner"}}},{"from":[-5.5,4,-13.5],"to":[-4,4.5,27.5],"faces":{"north":{"uv":[2,1,3,2],"texture":"#stone_slab_top"},"east":{"uv":[2,1,3,2],"texture":"#stone_slab_top"},"south":{"uv":[2,1,3,2],"texture":"#stone_slab_top"},"west":{"uv":[2,1,3,2],"texture":"#stone_slab_top"},"up":{"uv":[2,1,3,2],"texture":"#stone_slab_top"},"down":{"uv":[2,1,3,2],"texture":"#stone_slab_top"}}},{"from":[18.8125,4.5625,-10],"to":[20.3125,5.0625,-9],"rotation":{"angle":-22.5,"axis":"z","origin":[18.8125,5.0625,-10]},"faces":{"north":{"uv":[2,1,3,2],"texture":"#stone_slab_top"},"east":{"uv":[2,1,3,2],"texture":"#stone_slab_top"},"south":{"uv":[2,1,3,2],"texture":"#stone_slab_top"},"west":{"uv":[2,1,3,2],"texture":"#stone_slab_top"},"up":{"uv":[2,1,3,2],"texture":"#stone_slab_top"},"down":{"uv":[2,1,3,2],"texture":"#stone_slab_top"}}},{"from":[-4.1875,3.9375,24.5],"to":[-2.6875,4.4375,25.5],"rotation":{"angle":22.5,"axis":"z","origin":[-4.1875,4.4375,24.5]},"faces":{"north":{"uv":[2,1,3,2],"texture":"#stone_slab_top"},"east":{"uv":[2,1,3,2],"texture":"#stone_slab_top"},"south":{"uv":[2,1,3,2],"texture":"#stone_slab_top"},"west":{"uv":[2,1,3,2],"texture":"#stone_slab_top"},"up":{"uv":[2,1,3,2],"texture":"#stone_slab_top"},"down":{"uv":[2,1,3,2],"texture":"#stone_slab_top"}}},{"from":[-4.1875,3.9375,6.5],"to":[-2.6875,4.4375,7.5],"rotation":{"angle":22.5,"axis":"z","origin":[-4.1875,4.4375,6.5]},"faces":{"north":{"uv":[2,1,3,2],"texture":"#stone_slab_top"},"east":{"uv":[2,1,3,2],"texture":"#stone_slab_top"},"south":{"uv":[2,1,3,2],"texture":"#stone_slab_top"},"west":{"uv":[2,1,3,2],"texture":"#stone_slab_top"},"up":{"uv":[2,1,3,2],"texture":"#stone_slab_top"},"down":{"uv":[2,1,3,2],"texture":"#stone_slab_top"}}},{"from":[20,4,-13.5],"to":[21.5,4.5,27.5],"faces":{"north":{"uv":[2,1,3,2],"texture":"#stone_slab_top"},"east":{"uv":[2,1,3,2],"texture":"#stone_slab_top"},"south":{"uv":[2,1,3,2],"texture":"#stone_slab_top"},"west":{"uv":[2,1,3,2],"texture":"#stone_slab_top"},"up":{"uv":[2,1,3,2],"texture":"#stone_slab_top"},"down":{"uv":[2,1,3,2],"texture":"#stone_slab_top"}}},{"from":[-4.1875,3.9375,-11.5],"to":[-2.6875,4.4375,-10.5],"rotation":{"angle":22.5,"axis":"z","origin":[-4.1875,4.4375,-11.5]},"faces":{"north":{"uv":[2,1,3,2],"texture":"#stone_slab_top"},"east":{"uv":[2,1,3,2],"texture":"#stone_slab_top"},"south":{"uv":[2,1,3,2],"texture":"#stone_slab_top"},"west":{"uv":[2,1,3,2],"texture":"#stone_slab_top"},"up":{"uv":[2,1,3,2],"texture":"#stone_slab_top"},"down":{"uv":[2,1,3,2],"texture":"#stone_slab_top"}}},{"from":[18.8125,4.5625,6.5],"to":[20.3125,5.0625,7.5],"rotation":{"angle":-22.5,"axis":"z","origin":[18.8125,5.0625,6.5]},"faces":{"north":{"uv":[2,1,3,2],"texture":"#stone_slab_top"},"east":{"uv":[2,1,3,2],"texture":"#stone_slab_top"},"south":{"uv":[2,1,3,2],"texture":"#stone_slab_top"},"west":{"uv":[2,1,3,2],"texture":"#stone_slab_top"},"up":{"uv":[2,1,3,2],"texture":"#stone_slab_top"},"down":{"uv":[2,1,3,2],"texture":"#stone_slab_top"}}},{"from":[18.8125,4.5625,24.5],"to":[20.3125,5.0625,25.5],"rotation":{"angle":-22.5,"axis":"z","origin":[18.8125,5.0625,24.5]},"faces":{"north":{"uv":[2,1,3,2],"texture":"#stone_slab_top"},"east":{"uv":[2,1,3,2],"texture":"#stone_slab_top"},"south":{"uv":[2,1,3,2],"texture":"#stone_slab_top"},"west":{"uv":[2,1,3,2],"texture":"#stone_slab_top"},"up":{"uv":[2,1,3,2],"texture":"#stone_slab_top"},"down":{"uv":[2,1,3,2],"texture":"#stone_slab_top"}}}],"display":{"gui":{"rotation":[30,-135,0],"translation":[0,-1,0],"scale":[0.3,0.3,0.3]},"head":{"translation":[9.26,-3,19],"scale":[1.7,1.7,1.7]}},"credit":"Model by Craftventure"}