{"textures":{"texture":"block/red_concrete","acacia_door_top":"block/black_terracotta","sandstone_top":"block/sandstone_top","lead_knot":"block/iron_bars","anvil":"block/anvil","wodih":"block/acacia_door_top"},"elements":[{"from":[8,18.4937,-11.4625],"to":[9.8,20.2937,-9.6625],"rotation":{"angle":-45,"axis":"z","origin":[8,20.2937,-11.4625]},"faces":{"north":{"uv":[0,0,1.8,1.8],"texture":"#acacia_door_top"},"east":{"uv":[0,0,1.8,1.8],"texture":"#acacia_door_top"},"south":{"uv":[0,0,1.8,1.8],"texture":"#acacia_door_top"},"west":{"uv":[0,0,1.8,1.8],"texture":"#acacia_door_top"},"up":{"uv":[0,0,1.8,1.8],"texture":"#acacia_door_top"},"down":{"uv":[0,0,1.8,1.8],"texture":"#acacia_door_top"}}},{"from":[7.55,18.63491,-10.41817],"to":[8.45,21.33491,-9.51812],"rotation":{"angle":22.5,"axis":"x","origin":[7.55,21.33491,-10.41817]},"faces":{"north":{"uv":[0,0,0.9,2.7],"texture":"#acacia_door_top"},"east":{"uv":[0,0,0.90005,2.7],"texture":"#acacia_door_top"},"south":{"uv":[0,0,0.9,2.7],"texture":"#acacia_door_top"},"west":{"uv":[0,0,0.90005,2.7],"texture":"#acacia_door_top"},"up":{"uv":[0,0,0.9,0.90005],"texture":"#acacia_door_top"},"down":{"uv":[0,0,0.9,0.90005],"texture":"#acacia_door_top"}}},{"from":[8.00293,18.55,-11.45141],"to":[10.52793,19.45,-10.55141],"rotation":{"angle":-22.5,"axis":"y","origin":[7.82793,18.55,-11.45141]},"faces":{"north":{"uv":[0,0,2.525,0.9],"texture":"#acacia_door_top"},"east":{"uv":[0,0,0.9,0.9],"texture":"#acacia_door_top"},"south":{"uv":[0,0,2.525,0.9],"texture":"#acacia_door_top"},"west":{"uv":[0,0,0.9,0.9],"texture":"#acacia_door_top"},"up":{"uv":[0,0,2.525,0.9],"texture":"#acacia_door_top"},"down":{"uv":[0,0,2.525,0.9],"texture":"#acacia_door_top"}}},{"from":[5.66513,18.55,-10.4182],"to":[8.19013,19.45,-9.5182],"rotation":{"angle":22.5,"axis":"y","origin":[5.66513,18.55,-10.4182]},"faces":{"north":{"uv":[5,5,11,11],"texture":"#acacia_door_top"},"east":{"uv":[5,5,11,11],"texture":"#acacia_door_top"},"south":{"uv":[5,5,11,11],"texture":"#acacia_door_top"},"west":{"uv":[5,5,11,11],"texture":"#acacia_door_top"},"up":{"uv":[5,5,11,11],"texture":"#acacia_door_top"},"down":{"uv":[5,5,11,11],"texture":"#acacia_door_top"}}},{"from":[7.55,16.45957,-11.45142],"to":[8.45,19.05957,-10.55142],"rotation":{"angle":-22.5,"axis":"x","origin":[7.55,19.15957,-11.45142]},"faces":{"north":{"uv":[0,0,0.9,2.6],"texture":"#acacia_door_top"},"east":{"uv":[0,0,0.9,2.6],"texture":"#acacia_door_top"},"south":{"uv":[0,0,0.9,2.6],"texture":"#acacia_door_top"},"west":{"uv":[0,0,0.9,2.6],"texture":"#acacia_door_top"},"up":{"uv":[0,0,0.9,0.9],"texture":"#acacia_door_top"},"down":{"uv":[0,0,0.9,0.9],"texture":"#acacia_door_top"}}},{"from":[8,18.7188,-13.6],"to":[8.9,19.6188,-11.35],"rotation":{"angle":-45,"axis":"z","origin":[8,19.6188,-13.6]},"faces":{"north":{"uv":[0,0,0.9,0.9],"texture":"#acacia_door_top"},"east":{"uv":[0,0,2.25,0.9],"texture":"#acacia_door_top"},"south":{"uv":[0,0,0.9,0.9],"texture":"#acacia_door_top"},"west":{"uv":[0,0,2.25,0.9],"texture":"#acacia_door_top"},"up":{"uv":[0,0,0.9,2.25],"texture":"#acacia_door_top"},"down":{"uv":[0,0,0.9,2.25],"texture":"#acacia_door_top"}}},{"from":[7.55,20.01689,-7.23619],"to":[8.45,24.51689,-6.33619],"rotation":{"angle":45,"axis":"x","origin":[7.55,24.51689,-7.23619]},"faces":{"north":{"uv":[0,0,0.9,4.5],"texture":"#acacia_door_top"},"east":{"uv":[0,0,0.9,4.5],"texture":"#acacia_door_top"},"south":{"uv":[0,0,0.9,4.5],"texture":"#acacia_door_top"},"west":{"uv":[0,0,0.9,4.5],"texture":"#acacia_door_top"},"up":{"uv":[0,0,0.9,0.9],"texture":"#acacia_door_top"},"down":{"uv":[0,0,0.9,0.9],"texture":"#acacia_door_top"}}},{"from":[9.68601,18.55,-9.78177],"to":[10.58601,19.45,-5.28177],"rotation":{"angle":45,"axis":"y","origin":[9.68601,18.55,-9.78177]},"faces":{"north":{"uv":[0,0,0.9,0.9],"texture":"#acacia_door_top"},"east":{"uv":[0,0,4.5,0.9],"texture":"#acacia_door_top"},"south":{"uv":[0,0,0.9,0.9],"texture":"#acacia_door_top"},"west":{"uv":[0,0,4.5,0.9],"texture":"#acacia_door_top"},"up":{"uv":[0,0,0.9,4.5],"texture":"#acacia_door_top"},"down":{"uv":[0,0,0.9,4.5],"texture":"#acacia_door_top"}}},{"from":[7.55,23.61689,-7.23619],"to":[8.45,24.51689,-0.48619],"rotation":{"angle":-22.5,"axis":"x","origin":[7.55,24.51689,-7.23619]},"faces":{"north":{"uv":[0,0,0.9,0.9],"texture":"#acacia_door_top"},"east":{"uv":[0,0,6.75,0.9],"texture":"#acacia_door_top"},"south":{"uv":[0,0,0.9,0.9],"texture":"#acacia_door_top"},"west":{"uv":[0,0,6.75,0.9],"texture":"#acacia_door_top"},"up":{"uv":[0,0,0.9,6.75],"texture":"#acacia_door_top"},"down":{"uv":[0,0,0.9,6.75],"texture":"#acacia_door_top"}}},{"from":[7.55,16.40149,-9.78177],"to":[8.45,17.30149,-5.28177],"rotation":{"angle":45,"axis":"x","origin":[7.55,17.30149,-9.78177]},"faces":{"north":{"uv":[0,0,0.9,0.9],"texture":"#acacia_door_top"},"east":{"uv":[0,0,4.5,0.9],"texture":"#acacia_door_top"},"south":{"uv":[0,0,0.9,0.9],"texture":"#acacia_door_top"},"west":{"uv":[0,0,4.5,0.9],"texture":"#acacia_door_top"},"up":{"uv":[0,0,0.9,4.5],"texture":"#acacia_door_top"},"down":{"uv":[0,0,0.9,4.5],"texture":"#acacia_door_top"}}},{"from":[5.66513,18.55,-10.4182],"to":[6.56513,19.45,-5.91815],"rotation":{"angle":-45,"axis":"y","origin":[5.66513,18.55,-10.4182]},"faces":{"north":{"uv":[0,0,0.9,0.9],"texture":"#acacia_door_top"},"east":{"uv":[0,0,4.50005,0.9],"texture":"#acacia_door_top"},"south":{"uv":[0,0,0.9,0.9],"texture":"#acacia_door_top"},"west":{"uv":[0,0,4.50005,0.9],"texture":"#acacia_door_top"},"up":{"uv":[0,0,0.9,4.50005],"texture":"#acacia_door_top"},"down":{"uv":[0,0,0.9,4.50005],"texture":"#acacia_door_top"}}},{"from":[7.55,13.4146,-6.89177],"to":[8.45,14.3146,-0.14177],"rotation":{"angle":22.5,"axis":"x","origin":[7.55,14.3146,-6.89177]},"faces":{"north":{"uv":[0,0,0.9,0.9],"texture":"#acacia_door_top"},"east":{"uv":[0,0,6.75,0.9],"texture":"#acacia_door_top"},"south":{"uv":[0,0,0.9,0.9],"texture":"#acacia_door_top"},"west":{"uv":[0,0,6.75,0.9],"texture":"#acacia_door_top"},"up":{"uv":[0,0,0.9,6.75],"texture":"#acacia_door_top"},"down":{"uv":[0,0,0.9,6.75],"texture":"#acacia_door_top"}}},{"from":[2.48311,18.55,-7.23619],"to":[3.38311,19.45,-0.48619],"rotation":{"angle":-22.5,"axis":"y","origin":[2.48311,18.55,-7.23619]},"faces":{"north":{"uv":[0,0,0.9,0.9],"texture":"#acacia_door_top"},"east":{"uv":[0,0,6.75,0.9],"texture":"#acacia_door_top"},"south":{"uv":[0,0,0.9,0.9],"texture":"#acacia_door_top"},"west":{"uv":[0,0,6.75,0.9],"texture":"#acacia_door_top"},"up":{"uv":[0,0,0.9,6.75],"texture":"#acacia_door_top"},"down":{"uv":[0,0,0.9,6.75],"texture":"#acacia_door_top"}}},{"from":[12.6729,18.55,-6.89177],"to":[13.5729,19.45,-0.14177],"rotation":{"angle":22.5,"axis":"y","origin":[12.6729,18.55,-6.89177]},"faces":{"north":{"uv":[0,0,0.9,0.9],"texture":"#acacia_door_top"},"east":{"uv":[0,0,6.75,0.9],"texture":"#acacia_door_top"},"south":{"uv":[0,0,0.9,0.9],"texture":"#acacia_door_top"},"west":{"uv":[0,0,6.75,0.9],"texture":"#acacia_door_top"},"up":{"uv":[0,0,0.9,6.75],"texture":"#acacia_door_top"},"down":{"uv":[0,0,0.9,6.75],"texture":"#acacia_door_top"}}},{"from":[7.55,26.2,-1],"to":[8.45,27.1,15.65],"faces":{"north":{"uv":[0,0,0.9,0.9],"texture":"#acacia_door_top"},"east":{"uv":[0,0,16,0.9],"texture":"#acacia_door_top"},"south":{"uv":[0,0,0.9,0.9],"texture":"#acacia_door_top"},"west":{"uv":[0,0,16,0.9],"texture":"#acacia_door_top"},"up":{"uv":[0,0,0.9,16],"texture":"#acacia_door_top"},"down":{"uv":[0,0,0.9,16],"texture":"#acacia_door_top"}}},{"from":[7.55,10.9,-1],"to":[8.45,11.8,15.65],"faces":{"north":{"uv":[0,0,0.9,0.9],"texture":"#acacia_door_top"},"east":{"uv":[0,0,16,0.9],"texture":"#acacia_door_top"},"south":{"uv":[0,0,0.9,0.9],"texture":"#acacia_door_top"},"west":{"uv":[0,0,16,0.9],"texture":"#acacia_door_top"},"up":{"uv":[0,0,0.9,16],"texture":"#acacia_door_top"},"down":{"uv":[0,0,0.9,16],"texture":"#acacia_door_top"}}},{"from":[15.1875,18.55,-1],"to":[16.0875,19.45,15.65],"faces":{"north":{"uv":[0,0,0.9,0.9],"texture":"#acacia_door_top"},"east":{"uv":[0,0,16,0.9],"texture":"#acacia_door_top"},"south":{"uv":[0,0,0.9,0.9],"texture":"#acacia_door_top"},"west":{"uv":[0,0,16,0.9],"texture":"#acacia_door_top"},"up":{"uv":[0,0,0.9,16],"texture":"#acacia_door_top"},"down":{"uv":[0,0,0.9,16],"texture":"#acacia_door_top"}}},{"from":[-0.1,18.55,-1],"to":[0.8,19.45,15.65],"faces":{"north":{"uv":[0,0,0.9,0.9],"texture":"#acacia_door_top"},"east":{"uv":[0,0,16,0.9],"texture":"#acacia_door_top"},"south":{"uv":[0,0,0.9,0.9],"texture":"#acacia_door_top"},"west":{"uv":[0,0,16,0.9],"texture":"#acacia_door_top"},"up":{"uv":[0,0,0.9,16],"texture":"#acacia_door_top"},"down":{"uv":[0,0,0.9,16],"texture":"#acacia_door_top"}}},{"from":[7.55,26.2,15.65],"to":[8.45,27.1,25.1],"rotation":{"angle":22.5,"axis":"x","origin":[7.55,27.1,15.65]},"faces":{"north":{"uv":[0,0,0.9,0.9],"texture":"#acacia_door_top"},"east":{"uv":[0,0,9.45,0.9],"texture":"#acacia_door_top"},"south":{"uv":[0,0,0.9,0.9],"texture":"#acacia_door_top"},"west":{"uv":[0,0,9.45,0.9],"texture":"#acacia_door_top"},"up":{"uv":[0,0,0.9,9.45],"texture":"#acacia_door_top"},"down":{"uv":[0,0,0.9,9.45],"texture":"#acacia_door_top"}}},{"from":[7.55,10.8438,15.3125],"to":[8.45,11.7438,24.7625],"rotation":{"angle":-22.5,"axis":"x","origin":[7.55,11.7438,15.3125]},"faces":{"north":{"uv":[0,0,0.9,0.9],"texture":"#acacia_door_top"},"east":{"uv":[0,0,9.45,0.9],"texture":"#acacia_door_top"},"south":{"uv":[0,0,0.9,0.9],"texture":"#acacia_door_top"},"west":{"uv":[0,0,9.45,0.9],"texture":"#acacia_door_top"},"up":{"uv":[0,0,0.9,9.45],"texture":"#acacia_door_top"},"down":{"uv":[0,0,0.9,9.45],"texture":"#acacia_door_top"}}},{"from":[-0.1,18.55,15.65],"to":[0.8,19.45,25.1],"rotation":{"angle":22.5,"axis":"y","origin":[-0.1,18.55,15.65]},"faces":{"north":{"uv":[0,0,0.9,0.9],"texture":"#acacia_door_top"},"east":{"uv":[0,0,9.45,0.9],"texture":"#acacia_door_top"},"south":{"uv":[0,0,0.9,0.9],"texture":"#acacia_door_top"},"west":{"uv":[0,0,9.45,0.9],"texture":"#acacia_door_top"},"up":{"uv":[0,0,0.9,9.45],"texture":"#acacia_door_top"},"down":{"uv":[0,0,0.9,9.45],"texture":"#acacia_door_top"}}},{"from":[15.2563,18.55,15.3125],"to":[16.1563,19.45,24.7625],"rotation":{"angle":-22.5,"axis":"y","origin":[15.2563,18.55,15.3125]},"faces":{"north":{"uv":[0,0,0.9,0.9],"texture":"#acacia_door_top"},"east":{"uv":[0,0,9.45,0.9],"texture":"#acacia_door_top"},"south":{"uv":[0,0,0.9,0.9],"texture":"#acacia_door_top"},"west":{"uv":[0,0,9.45,0.9],"texture":"#acacia_door_top"},"up":{"uv":[0,0,0.9,9.45],"texture":"#acacia_door_top"},"down":{"uv":[0,0,0.9,9.45],"texture":"#acacia_door_top"}}},{"from":[7.55,22.58364,24.38066],"to":[8.45,23.48364,29.78066],"rotation":{"angle":45,"axis":"x","origin":[7.55,23.48364,24.38066]},"faces":{"north":{"uv":[0,0,0.9,0.9],"texture":"#acacia_door_top"},"east":{"uv":[0,0,5.4,0.9],"texture":"#acacia_door_top"},"south":{"uv":[0,0,0.9,0.9],"texture":"#acacia_door_top"},"west":{"uv":[0,0,5.4,0.9],"texture":"#acacia_door_top"},"up":{"uv":[0,0,0.9,5.4],"texture":"#acacia_door_top"},"down":{"uv":[0,0,0.9,5.4],"texture":"#acacia_door_top"}}},{"from":[7.55,14.26506,23.75118],"to":[8.45,15.16506,29.15118],"rotation":{"angle":-45,"axis":"x","origin":[7.55,15.16506,23.75118]},"faces":{"north":{"uv":[0,0,0.9,0.9],"texture":"#acacia_door_top"},"east":{"uv":[0,0,5.4,0.9],"texture":"#acacia_door_top"},"south":{"uv":[0,0,0.9,0.9],"texture":"#acacia_door_top"},"west":{"uv":[0,0,5.4,0.9],"texture":"#acacia_door_top"},"up":{"uv":[0,0,0.9,5.4],"texture":"#acacia_door_top"},"down":{"uv":[0,0,0.9,5.4],"texture":"#acacia_door_top"}}},{"from":[3.51636,18.55,24.38066],"to":[4.41636,19.45,29.78066],"rotation":{"angle":45,"axis":"y","origin":[3.51636,18.55,24.38066]},"faces":{"north":{"uv":[0,0,0.9,0.9],"texture":"#acacia_door_top"},"east":{"uv":[0,0,5.4,0.9],"texture":"#acacia_door_top"},"south":{"uv":[0,0,0.9,0.9],"texture":"#acacia_door_top"},"west":{"uv":[0,0,5.4,0.9],"texture":"#acacia_door_top"},"up":{"uv":[0,0,0.9,5.4],"texture":"#acacia_door_top"},"down":{"uv":[0,0,0.9,5.4],"texture":"#acacia_door_top"}}},{"from":[11.83504,18.55,23.75118],"to":[12.73504,19.45,29.15118],"rotation":{"angle":-45,"axis":"y","origin":[11.83504,18.55,23.75118]},"faces":{"north":{"uv":[0,0,0.9,0.9],"texture":"#acacia_door_top"},"east":{"uv":[0,0,5.4,0.9],"texture":"#acacia_door_top"},"south":{"uv":[0,0,0.9,0.9],"texture":"#acacia_door_top"},"west":{"uv":[0,0,5.4,0.9],"texture":"#acacia_door_top"},"up":{"uv":[0,0,0.9,5.4],"texture":"#acacia_door_top"},"down":{"uv":[0,0,0.9,5.4],"texture":"#acacia_door_top"}}},{"from":[8,18.4937,26.45],"to":[9.8,20.2937,28.25],"rotation":{"angle":-45,"axis":"z","origin":[8,20.2937,26.45]},"faces":{"north":{"uv":[0,0,1.8,1.8],"texture":"#acacia_door_top"},"east":{"uv":[0,0,1.8,1.8],"texture":"#acacia_door_top"},"south":{"uv":[0,0,1.8,1.8],"texture":"#acacia_door_top"},"west":{"uv":[0,0,1.8,1.8],"texture":"#acacia_door_top"},"up":{"uv":[0,0,1.8,1.8],"texture":"#acacia_door_top"},"down":{"uv":[0,0,1.8,1.8],"texture":"#acacia_door_top"}}},{"from":[7.55,23.5,21.95],"to":[8.45,24.4,26.45],"rotation":{"angle":-45,"axis":"x","origin":[7.55,24.4,21.95]},"faces":{"north":{"uv":[0,0,0.9,0.9],"texture":"#acacia_door_top"},"east":{"uv":[0,0,4.5,0.9],"texture":"#acacia_door_top"},"south":{"uv":[0,0,0.9,0.9],"texture":"#acacia_door_top"},"west":{"uv":[0,0,4.5,0.9],"texture":"#acacia_door_top"},"up":{"uv":[0,0,0.9,4.5],"texture":"#acacia_door_top"},"down":{"uv":[0,0,0.9,4.5],"texture":"#acacia_door_top"}}},{"from":[7.55,26.65,25.1],"to":[8.45,27.55,28.25],"rotation":{"angle":-22.5,"axis":"x","origin":[7.55,27.55,25.1]},"faces":{"north":{"uv":[0,0,0.9,0.9],"texture":"#acacia_door_top"},"east":{"uv":[0,0,3.15,0.9],"texture":"#acacia_door_top"},"south":{"uv":[0,0,0.9,0.9],"texture":"#acacia_door_top"},"west":{"uv":[0,0,3.15,0.9],"texture":"#acacia_door_top"},"up":{"uv":[0,0,0.9,3.15],"texture":"#acacia_door_top"},"down":{"uv":[0,0,0.9,3.15],"texture":"#acacia_door_top"}}},{"from":[8,19.45,22.4],"to":[8.0625,24.4,26.45],"rotation":{"angle":-45,"axis":"x","origin":[8,24.4,22.4]},"faces":{"north":{"uv":[0,0,0.0625,4.95],"texture":"#sandstone_top"},"east":{"uv":[0,0,4.05,4.95],"texture":"#sandstone_top"},"south":{"uv":[0,0,0.0625,4.95],"texture":"#sandstone_top"},"west":{"uv":[0,0,4.05,4.95],"texture":"#sandstone_top"},"up":{"uv":[0,0,0.0625,4.05],"texture":"#sandstone_top"},"down":{"uv":[0,0,0.0625,4.05],"texture":"#sandstone_top"}}},{"from":[8,23.8,25.55],"to":[8.0625,27.1,28.25],"rotation":{"angle":-22.5,"axis":"x","origin":[8,27.1,25.55]},"faces":{"north":{"uv":[0,0,0.0625,3.15],"texture":"#sandstone_top"},"east":{"uv":[0,0,2.7,3.15],"texture":"#sandstone_top"},"south":{"uv":[0,0,0.0625,3.15],"texture":"#sandstone_top"},"west":{"uv":[0,0,2.7,3.15],"texture":"#sandstone_top"},"up":{"uv":[0,0,0.0625,2.7],"texture":"#sandstone_top"},"down":{"uv":[0,0,0.0625,2.7],"texture":"#sandstone_top"}}},{"from":[8,24.14321,28.20555],"to":[8.0625,25.56821,29.55555],"rotation":{"angle":22.5,"axis":"x","origin":[8,25.94321,28.20555]},"faces":{"north":{"uv":[0,0,0.0625,1.8],"texture":"#sandstone_top"},"east":{"uv":[0,0,1.35,1.8],"texture":"#sandstone_top"},"south":{"uv":[0,0,0.0625,1.8],"texture":"#sandstone_top"},"west":{"uv":[0,0,1.35,1.8],"texture":"#sandstone_top"},"up":{"uv":[0,0,0.0625,1.35],"texture":"#sandstone_top"},"down":{"uv":[0,0,0.0625,1.35],"texture":"#sandstone_top"}}},{"from":[8,15.85,-1.1125],"to":[18.8,26.65,15.9875],"rotation":{"angle":-45,"axis":"z","origin":[8,26.65,-1.1125]},"faces":{"north":{"uv":[0,0,10.8,10.8],"texture":"#texture"},"east":{"uv":[0,0,16,10.8],"texture":"#texture"},"south":{"uv":[0,0,10.8,10.8],"texture":"#texture"},"west":{"uv":[0,0,16,10.8],"texture":"#texture"},"up":{"uv":[0,0,10.8,16],"texture":"#texture"},"down":{"uv":[0,0,10.8,16],"texture":"#texture"}}},{"from":[8,16.075,-2.8],"to":[17.9,25.975,-1],"rotation":{"angle":-45,"axis":"z","origin":[8,25.975,-2.8]},"faces":{"north":{"uv":[0,0,9.9,9.9],"texture":"#texture"},"east":{"uv":[0,0,1.8,9.9],"texture":"#texture"},"south":{"uv":[0,0,9.9,9.9],"texture":"#texture"},"west":{"uv":[0,0,1.8,9.9],"texture":"#texture"},"up":{"uv":[0,0,9.9,1.8],"texture":"#texture"},"down":{"uv":[0,0,9.9,1.8],"texture":"#texture"}}},{"from":[8,16.3562,17.45],"to":[17,25.3562,19.25],"rotation":{"angle":-45,"axis":"z","origin":[8,25.3562,17.45]},"faces":{"north":{"uv":[0,0,9,9],"texture":"#texture"},"east":{"uv":[0,0,1.8,9],"texture":"#texture"},"south":{"uv":[0,0,9,9],"texture":"#texture"},"west":{"uv":[0,0,1.8,9],"texture":"#texture"},"up":{"uv":[0,0,9,1.8],"texture":"#texture"},"down":{"uv":[0,0,9,1.8],"texture":"#texture"}}},{"from":[8,16.3562,-4.6],"to":[17,25.3562,-2.8],"rotation":{"angle":-45,"axis":"z","origin":[8,25.3562,-4.6]},"faces":{"north":{"uv":[0,0,9,9],"texture":"#texture"},"east":{"uv":[0,0,1.8,9],"texture":"#texture"},"south":{"uv":[0,0,9,9],"texture":"#texture"},"west":{"uv":[0,0,1.8,9],"texture":"#texture"},"up":{"uv":[0,0,9,1.8],"texture":"#texture"},"down":{"uv":[0,0,9,1.8],"texture":"#texture"}}},{"from":[1.025,9.1,15.65],"to":[10.925,19,17.45],"rotation":{"angle":45,"axis":"z","origin":[1.025,19,15.65]},"faces":{"north":{"uv":[0,0,9.9,9.9],"texture":"#texture"},"east":{"uv":[0,0,1.8,9.9],"texture":"#texture"},"south":{"uv":[0,0,9.9,9.9],"texture":"#texture"},"west":{"uv":[0,0,1.8,9.9],"texture":"#texture"},"up":{"uv":[0,0,9.9,1.8],"texture":"#texture"},"down":{"uv":[0,0,9.9,1.8],"texture":"#texture"}}},{"from":[8,16.6375,19.25],"to":[16.1,24.7375,21.05],"rotation":{"angle":-45,"axis":"z","origin":[8,24.7375,19.25]},"faces":{"north":{"uv":[0,0,8.1,8.1],"texture":"#texture"},"east":{"uv":[0,0,1.8,8.1],"texture":"#texture"},"south":{"uv":[0,0,8.1,8.1],"texture":"#texture"},"west":{"uv":[0,0,1.8,8.1],"texture":"#texture"},"up":{"uv":[0,0,8.1,1.8],"texture":"#texture"},"down":{"uv":[0,0,8.1,1.8],"texture":"#texture"}}},{"from":[8,16.6375,-5.95],"to":[16.1,24.7375,-4.6],"rotation":{"angle":-45,"axis":"z","origin":[8,24.7375,-5.95]},"faces":{"north":{"uv":[0,0,8.1,8.1],"texture":"#texture"},"east":{"uv":[0,0,1.35,8.1],"texture":"#texture"},"south":{"uv":[0,0,8.1,8.1],"texture":"#texture"},"west":{"uv":[0,0,1.35,8.1],"texture":"#texture"},"up":{"uv":[0,0,8.1,1.35],"texture":"#texture"},"down":{"uv":[0,0,8.1,1.35],"texture":"#texture"}}},{"from":[8,16.9188,-7.3],"to":[15.2,24.1188,-5.95],"rotation":{"angle":-45,"axis":"z","origin":[8,24.1188,-7.3]},"faces":{"north":{"uv":[0,0,7.2,7.2],"texture":"#texture"},"east":{"uv":[0,0,1.35,7.2],"texture":"#texture"},"south":{"uv":[0,0,7.2,7.2],"texture":"#texture"},"west":{"uv":[0,0,1.35,7.2],"texture":"#texture"},"up":{"uv":[0,0,7.2,1.35],"texture":"#texture"},"down":{"uv":[0,0,7.2,1.35],"texture":"#texture"}}},{"from":[8,16.9188,21.05],"to":[15.2,24.1188,22.4],"rotation":{"angle":-45,"axis":"z","origin":[8,24.1188,21.05]},"faces":{"north":{"uv":[0,0,7.2,7.2],"texture":"#texture"},"east":{"uv":[0,0,1.35,7.2],"texture":"#texture"},"south":{"uv":[0,0,7.2,7.2],"texture":"#texture"},"west":{"uv":[0,0,1.35,7.2],"texture":"#texture"},"up":{"uv":[0,0,7.2,1.35],"texture":"#texture"},"down":{"uv":[0,0,7.2,1.35],"texture":"#texture"}}},{"from":[8,17.1438,-8.2],"to":[14.3,23.4438,-7.3],"rotation":{"angle":-45,"axis":"z","origin":[8,23.4438,-8.2]},"faces":{"north":{"uv":[0,0,6.3,6.3],"texture":"#texture"},"east":{"uv":[0,0,0.9,6.3],"texture":"#texture"},"south":{"uv":[0,0,6.3,6.3],"texture":"#texture"},"west":{"uv":[0,0,0.9,6.3],"texture":"#texture"},"up":{"uv":[0,0,6.3,0.9],"texture":"#texture"},"down":{"uv":[0,0,6.3,0.9],"texture":"#texture"}}},{"from":[8,17.1438,22.4],"to":[14.3,23.4438,23.75],"rotation":{"angle":-45,"axis":"z","origin":[8,23.4438,22.4]},"faces":{"north":{"uv":[0,0,6.3,6.3],"texture":"#texture"},"east":{"uv":[0,0,1.35,6.3],"texture":"#texture"},"south":{"uv":[0,0,6.3,6.3],"texture":"#texture"},"west":{"uv":[0,0,1.35,6.3],"texture":"#texture"},"up":{"uv":[0,0,6.3,1.35],"texture":"#texture"},"down":{"uv":[0,0,6.3,1.35],"texture":"#texture"}}},{"from":[8,17.425,-8.65],"to":[13.4,22.825,-8.2],"rotation":{"angle":-45,"axis":"z","origin":[8,22.825,-8.65]},"faces":{"north":{"uv":[0,0,5.4,5.4],"texture":"#texture"},"east":{"uv":[0,0,0.45,5.4],"texture":"#texture"},"south":{"uv":[0,0,5.4,5.4],"texture":"#texture"},"west":{"uv":[0,0,0.45,5.4],"texture":"#texture"},"up":{"uv":[0,0,5.4,0.45],"texture":"#texture"},"down":{"uv":[0,0,5.4,0.45],"texture":"#texture"}}},{"from":[4.79375,14.5,-9.1],"to":[9.29375,19,-8.65],"rotation":{"angle":45,"axis":"z","origin":[4.79375,19,-9.1]},"faces":{"north":{"uv":[0,0,4.5,4.5],"texture":"#texture"},"east":{"uv":[0,0,0.45,4.5],"texture":"#texture"},"south":{"uv":[0,0,4.5,4.5],"texture":"#texture"},"west":{"uv":[0,0,0.45,4.5],"texture":"#texture"},"up":{"uv":[0,0,4.5,0.45],"texture":"#texture"},"down":{"uv":[0,0,4.5,0.45],"texture":"#texture"}}},{"from":[5.4125,15.3438,-9.55],"to":[9.0125,18.9438,-9.1],"rotation":{"angle":45,"axis":"z","origin":[5.4125,18.9438,-9.55]},"faces":{"north":{"uv":[0,0,3.6,3.6],"texture":"#texture"},"east":{"uv":[0,0,0.45,3.6],"texture":"#texture"},"south":{"uv":[0,0,3.6,3.6],"texture":"#texture"},"west":{"uv":[0,0,0.45,3.6],"texture":"#texture"},"up":{"uv":[0,0,3.6,0.45],"texture":"#texture"},"down":{"uv":[0,0,3.6,0.45],"texture":"#texture"}}},{"from":[8.05625,18.1563,-10],"to":[10.7563,20.8562,-9.55],"rotation":{"angle":-45,"axis":"z","origin":[8.05625,20.8562,-10]},"faces":{"north":{"uv":[0,0,2.70005,2.6999],"texture":"#texture"},"east":{"uv":[0,0,0.45,2.6999],"texture":"#texture"},"south":{"uv":[0,0,2.70005,2.6999],"texture":"#texture"},"west":{"uv":[0,0,0.45,2.6999],"texture":"#texture"},"up":{"uv":[0,0,2.70005,0.45],"texture":"#texture"},"down":{"uv":[0,0,2.70005,0.45],"texture":"#texture"}}},{"from":[8,17.425,23.75],"to":[13.4,22.825,24.65],"rotation":{"angle":-45,"axis":"z","origin":[8,22.825,23.75]},"faces":{"north":{"uv":[0,0,5.4,5.4],"texture":"#texture"},"east":{"uv":[0,0,0.9,5.4],"texture":"#texture"},"south":{"uv":[0,0,5.4,5.4],"texture":"#texture"},"west":{"uv":[0,0,0.9,5.4],"texture":"#texture"},"up":{"uv":[0,0,5.4,0.9],"texture":"#texture"},"down":{"uv":[0,0,5.4,0.9],"texture":"#texture"}}},{"from":[8,17.7063,24.65],"to":[12.5,22.2063,25.55],"rotation":{"angle":-45,"axis":"z","origin":[8,22.2063,24.65]},"faces":{"north":{"uv":[0,0,4.5,4.5],"texture":"#texture"},"east":{"uv":[0,0,0.9,4.5],"texture":"#texture"},"south":{"uv":[0,0,4.5,4.5],"texture":"#texture"},"west":{"uv":[0,0,0.9,4.5],"texture":"#texture"},"up":{"uv":[0,0,4.5,0.9],"texture":"#texture"},"down":{"uv":[0,0,4.5,0.9],"texture":"#texture"}}},{"from":[8,17.9312,25.55],"to":[11.6,21.5313,26],"rotation":{"angle":-45,"axis":"z","origin":[8,21.5313,25.55]},"faces":{"north":{"uv":[0,0,3.6,3.6001],"texture":"#texture"},"east":{"uv":[0,0,0.45,3.6001],"texture":"#texture"},"south":{"uv":[0,0,3.6,3.6001],"texture":"#texture"},"west":{"uv":[0,0,0.45,3.6001],"texture":"#texture"},"up":{"uv":[0,0,3.6,0.45],"texture":"#texture"},"down":{"uv":[0,0,3.6,0.45],"texture":"#texture"}}},{"from":[8,18.2125,26],"to":[10.7,20.9125,26.45],"rotation":{"angle":-45,"axis":"z","origin":[8,20.9125,26]},"faces":{"north":{"uv":[0,0,2.7,2.7],"texture":"#texture"},"east":{"uv":[0,0,0.45,2.7],"texture":"#texture"},"south":{"uv":[0,0,2.7,2.7],"texture":"#texture"},"west":{"uv":[0,0,0.45,2.7],"texture":"#texture"},"up":{"uv":[0,0,2.7,0.45],"texture":"#texture"},"down":{"uv":[0,0,2.7,0.45],"texture":"#texture"}}},{"from":[4.4,-3.5,2.15],"to":[11.6,-3.05,11.15],"faces":{"north":{"uv":[0,0,7.2,0.45],"texture":"#acacia_door_top"},"east":{"uv":[0,0,9,0.45],"texture":"#acacia_door_top"},"south":{"uv":[0,0,7.2,0.45],"texture":"#acacia_door_top"},"west":{"uv":[0,0,9,0.45],"texture":"#acacia_door_top"},"up":{"uv":[0,0,7.2,9],"texture":"#acacia_door_top"},"down":{"uv":[0,0,7.2,9],"texture":"#acacia_door_top"}}},{"from":[4.4,1.45,-0.1],"to":[4.85,1.9,3.95],"faces":{"north":{"uv":[0,0,0.45,0.45],"texture":"#acacia_door_top"},"east":{"uv":[0,0,4.05,0.45],"texture":"#acacia_door_top"},"south":{"uv":[0,0,0.45,0.45],"texture":"#acacia_door_top"},"west":{"uv":[0,0,4.05,0.45],"texture":"#acacia_door_top"},"up":{"uv":[0,0,0.45,4.05],"texture":"#acacia_door_top"},"down":{"uv":[0,0,0.45,4.05],"texture":"#acacia_door_top"}}},{"from":[4.4,-3.725,12.7813],"to":[11.6,1.675,13.2312],"rotation":{"angle":22.5,"axis":"x","origin":[4.4,1.675,12.7813]},"faces":{"north":{"uv":[0,0,7.2,5.4],"texture":"#acacia_door_top"},"east":{"uv":[0,0,0.4499,5.4],"texture":"#acacia_door_top"},"south":{"uv":[0,0,7.2,5.4],"texture":"#acacia_door_top"},"west":{"uv":[0,0,0.4499,5.4],"texture":"#acacia_door_top"},"up":{"uv":[0,0,7.2,0.4499],"texture":"#acacia_door_top"},"down":{"uv":[0,0,7.2,0.4499],"texture":"#acacia_door_top"}}},{"from":[4.4,-3.89375,0.06875],"to":[11.6,1.50625,0.51875],"rotation":{"angle":-22.5,"axis":"x","origin":[4.4,1.50625,0.06875]},"faces":{"north":{"uv":[0,0,7.2,5.4],"texture":"#acacia_door_top"},"east":{"uv":[0,0,0.45,5.4],"texture":"#acacia_door_top"},"south":{"uv":[0,0,7.2,5.4],"texture":"#acacia_door_top"},"west":{"uv":[0,0,0.45,5.4],"texture":"#acacia_door_top"},"up":{"uv":[0,0,7.2,0.45],"texture":"#acacia_door_top"},"down":{"uv":[0,0,7.2,0.45],"texture":"#acacia_door_top"}}},{"from":[4.4,1.45,9.35],"to":[4.85,1.9,13.4],"faces":{"north":{"uv":[0,0,0.45,0.45],"texture":"#acacia_door_top"},"east":{"uv":[0,0,4.05,0.45],"texture":"#acacia_door_top"},"south":{"uv":[0,0,0.45,0.45],"texture":"#acacia_door_top"},"west":{"uv":[0,0,4.05,0.45],"texture":"#acacia_door_top"},"up":{"uv":[0,0,0.45,4.05],"texture":"#acacia_door_top"},"down":{"uv":[0,0,0.45,4.05],"texture":"#acacia_door_top"}}},{"from":[4.4,-0.8,4.4],"to":[4.85,-0.35,8.9],"faces":{"north":{"uv":[0,0,0.45,0.45],"texture":"#acacia_door_top"},"east":{"uv":[0,0,4.5,0.45],"texture":"#acacia_door_top"},"south":{"uv":[0,0,0.45,0.45],"texture":"#acacia_door_top"},"west":{"uv":[0,0,4.5,0.45],"texture":"#acacia_door_top"},"up":{"uv":[0,0,0.45,4.5],"texture":"#acacia_door_top"},"down":{"uv":[0,0,0.45,4.5],"texture":"#acacia_door_top"}}},{"from":[4.4,-0.96875,3.55625],"to":[4.85,1.73125,4.00625],"rotation":{"angle":-22.5,"axis":"x","origin":[4.4,1.73125,3.55625]},"faces":{"north":{"uv":[0,0,0.45,2.7],"texture":"#acacia_door_top"},"east":{"uv":[0,0,0.45,2.7],"texture":"#acacia_door_top"},"south":{"uv":[0,0,0.45,2.7],"texture":"#acacia_door_top"},"west":{"uv":[0,0,0.45,2.7],"texture":"#acacia_door_top"},"up":{"uv":[0,0,0.45,0.45],"texture":"#acacia_door_top"},"down":{"uv":[0,0,0.45,0.45],"texture":"#acacia_door_top"}}},{"from":[4.4,-0.8,9.35],"to":[4.85,1.9,9.8],"rotation":{"angle":22.5,"axis":"x","origin":[4.4,1.9,9.35]},"faces":{"north":{"uv":[0,0,0.45,2.7],"texture":"#acacia_door_top"},"east":{"uv":[0,0,0.45,2.7],"texture":"#acacia_door_top"},"south":{"uv":[0,0,0.45,2.7],"texture":"#acacia_door_top"},"west":{"uv":[0,0,0.45,2.7],"texture":"#acacia_door_top"},"up":{"uv":[0,0,0.45,0.45],"texture":"#acacia_door_top"},"down":{"uv":[0,0,0.45,0.45],"texture":"#acacia_door_top"}}},{"from":[11.15,-3.05,2.15],"to":[11.6,-0.8,11.15],"faces":{"north":{"uv":[0,0,0.45,2.25],"texture":"#acacia_door_top"},"east":{"uv":[0,0,9,2.25],"texture":"#acacia_door_top"},"south":{"uv":[0,0,0.45,2.25],"texture":"#acacia_door_top"},"west":{"uv":[0,0,9,2.25],"texture":"#acacia_door_top"},"up":{"uv":[0,0,0.45,9],"texture":"#acacia_door_top"},"down":{"uv":[0,0,0.45,9],"texture":"#acacia_door_top"}}},{"from":[11.15,-0.8,4.4],"to":[11.6,-0.35,8.9],"faces":{"north":{"uv":[0,0,0.45,0.45],"texture":"#acacia_door_top"},"east":{"uv":[0,0,4.5,0.45],"texture":"#acacia_door_top"},"south":{"uv":[0,0,0.45,0.45],"texture":"#acacia_door_top"},"west":{"uv":[0,0,4.5,0.45],"texture":"#acacia_door_top"},"up":{"uv":[0,0,0.45,4.5],"texture":"#acacia_door_top"},"down":{"uv":[0,0,0.45,4.5],"texture":"#acacia_door_top"}}},{"from":[11.15,-0.96875,3.55625],"to":[11.6,1.73125,4.00625],"rotation":{"angle":-22.5,"axis":"x","origin":[11.15,1.73125,3.55625]},"faces":{"north":{"uv":[0,0,0.45,2.7],"texture":"#acacia_door_top"},"east":{"uv":[0,0,0.45,2.7],"texture":"#acacia_door_top"},"south":{"uv":[0,0,0.45,2.7],"texture":"#acacia_door_top"},"west":{"uv":[0,0,0.45,2.7],"texture":"#acacia_door_top"},"up":{"uv":[0,0,0.45,0.45],"texture":"#acacia_door_top"},"down":{"uv":[0,0,0.45,0.45],"texture":"#acacia_door_top"}}},{"from":[11.15,-0.8,9.35],"to":[11.6,1.9,9.8],"rotation":{"angle":22.5,"axis":"x","origin":[11.15,1.9,9.35]},"faces":{"north":{"uv":[0,0,0.45,2.7],"texture":"#acacia_door_top"},"east":{"uv":[0,0,0.45,2.7],"texture":"#acacia_door_top"},"south":{"uv":[0,0,0.45,2.7],"texture":"#acacia_door_top"},"west":{"uv":[0,0,0.45,2.7],"texture":"#acacia_door_top"},"up":{"uv":[0,0,0.45,0.45],"texture":"#acacia_door_top"},"down":{"uv":[0,0,0.45,0.45],"texture":"#acacia_door_top"}}},{"from":[4.4,-3.05,2.15],"to":[4.85,-0.8,11.15],"faces":{"north":{"uv":[0,0,0.45,2.25],"texture":"#acacia_door_top"},"east":{"uv":[0,0,9,2.25],"texture":"#acacia_door_top"},"south":{"uv":[0,0,0.45,2.25],"texture":"#acacia_door_top"},"west":{"uv":[0,0,9,2.25],"texture":"#acacia_door_top"},"up":{"uv":[0,0,0.45,9],"texture":"#acacia_door_top"},"down":{"uv":[0,0,0.45,9],"texture":"#acacia_door_top"}}},{"from":[11.15,1.45,9.35],"to":[11.6,1.9,13.4],"faces":{"north":{"uv":[0,0,0.45,0.45],"texture":"#acacia_door_top"},"east":{"uv":[0,0,4.05,0.45],"texture":"#acacia_door_top"},"south":{"uv":[0,0,0.45,0.45],"texture":"#acacia_door_top"},"west":{"uv":[0,0,4.05,0.45],"texture":"#acacia_door_top"},"up":{"uv":[0,0,0.45,4.05],"texture":"#acacia_door_top"},"down":{"uv":[0,0,0.45,4.05],"texture":"#acacia_door_top"}}},{"from":[11.15,1.45,-0.1],"to":[11.6,1.9,3.95],"faces":{"north":{"uv":[0,0,0.45,0.45],"texture":"#acacia_door_top"},"east":{"uv":[0,0,4.05,0.45],"texture":"#acacia_door_top"},"south":{"uv":[0,0,0.45,0.45],"texture":"#acacia_door_top"},"west":{"uv":[0,0,4.05,0.45],"texture":"#acacia_door_top"},"up":{"uv":[0,0,0.45,4.05],"texture":"#acacia_door_top"},"down":{"uv":[0,0,0.45,4.05],"texture":"#acacia_door_top"}}},{"from":[4.85,1.45,-0.1],"to":[11.15,1.9,0.8],"faces":{"north":{"uv":[0,0,6.3,0.45],"texture":"#acacia_door_top"},"east":{"uv":[0,0,0.9,0.45],"texture":"#acacia_door_top"},"south":{"uv":[0,0,6.3,0.45],"texture":"#acacia_door_top"},"west":{"uv":[0,0,0.9,0.45],"texture":"#acacia_door_top"},"up":{"uv":[0,0,6.3,0.9],"texture":"#acacia_door_top"},"down":{"uv":[0,0,6.3,0.9],"texture":"#acacia_door_top"}}},{"from":[4.85,1.45,12.5],"to":[11.15,1.9,13.4],"faces":{"north":{"uv":[0,0,6.3,0.45],"texture":"#acacia_door_top"},"east":{"uv":[0,0,0.9,0.45],"texture":"#acacia_door_top"},"south":{"uv":[0,0,6.3,0.45],"texture":"#acacia_door_top"},"west":{"uv":[0,0,0.9,0.45],"texture":"#acacia_door_top"},"up":{"uv":[0,0,6.3,0.9],"texture":"#acacia_door_top"},"down":{"uv":[0,0,6.3,0.9],"texture":"#acacia_door_top"}}},{"from":[4.85,-3.05,2.15],"to":[11.15,-1.25,4.85],"faces":{"north":{"uv":[0,0,6.3,1.8],"texture":"#anvil"},"east":{"uv":[0,0,2.7,1.8],"texture":"#anvil"},"south":{"uv":[0,0,6.3,1.8],"texture":"#anvil"},"west":{"uv":[0,0,2.7,1.8],"texture":"#anvil"},"up":{"uv":[0,0,6.3,2.7],"texture":"#anvil"},"down":{"uv":[0,0,6.3,2.7],"texture":"#anvil"}}},{"from":[4.85,-1.7,1.7],"to":[11.15,-1.25,2.15],"faces":{"north":{"uv":[0,0,6.3,0.45],"texture":"#anvil"},"east":{"uv":[0,0,0.45,0.45],"texture":"#anvil"},"south":{"uv":[0,0,6.3,0.45],"texture":"#anvil"},"west":{"uv":[0,0,0.45,0.45],"texture":"#anvil"},"up":{"uv":[0,0,6.3,0.45],"texture":"#anvil"},"down":{"uv":[0,0,6.3,0.45],"texture":"#anvil"}}},{"from":[4.85,-1.7,11.15],"to":[11.15,-1.25,11.6],"faces":{"north":{"uv":[0,0,6.3,0.45],"texture":"#anvil"},"east":{"uv":[0,0,0.45,0.45],"texture":"#anvil"},"south":{"uv":[0,0,6.3,0.45],"texture":"#anvil"},"west":{"uv":[0,0,0.45,0.45],"texture":"#anvil"},"up":{"uv":[0,0,6.3,0.45],"texture":"#anvil"},"down":{"uv":[0,0,6.3,0.45],"texture":"#anvil"}}},{"from":[4.85,-3.05,8.45],"to":[11.15,-1.25,11.15],"faces":{"north":{"uv":[0,0,6.3,1.8],"texture":"#anvil"},"east":{"uv":[0,0,2.7,1.8],"texture":"#anvil"},"south":{"uv":[0,0,6.3,1.8],"texture":"#anvil"},"west":{"uv":[0,0,2.7,1.8],"texture":"#anvil"},"up":{"uv":[0,0,6.3,2.7],"texture":"#anvil"},"down":{"uv":[0,0,6.3,2.7],"texture":"#anvil"}}},{"from":[11.15,-2.15,11.15],"to":[11.6,-0.8,11.6],"faces":{"north":{"uv":[0,0,0.45,1.35],"texture":"#acacia_door_top"},"east":{"uv":[0,0,0.45,1.35],"texture":"#acacia_door_top"},"south":{"uv":[0,0,0.45,1.35],"texture":"#acacia_door_top"},"west":{"uv":[0,0,0.45,1.35],"texture":"#acacia_door_top"},"up":{"uv":[0,0,0.45,0.45],"texture":"#acacia_door_top"},"down":{"uv":[0,0,0.45,0.45],"texture":"#acacia_door_top"}}},{"from":[11.15,-2.15,1.7],"to":[11.6,-0.8,2.15],"faces":{"north":{"uv":[0,0,0.45,1.35],"texture":"#acacia_door_top"},"east":{"uv":[0,0,0.45,1.35],"texture":"#acacia_door_top"},"south":{"uv":[0,0,0.45,1.35],"texture":"#acacia_door_top"},"west":{"uv":[0,0,0.45,1.35],"texture":"#acacia_door_top"},"up":{"uv":[0,0,0.45,0.45],"texture":"#acacia_door_top"},"down":{"uv":[0,0,0.45,0.45],"texture":"#acacia_door_top"}}},{"from":[11.15,-1.25,1.25],"to":[11.6,-0.8,1.7],"faces":{"north":{"uv":[0,0,0.45,0.45],"texture":"#acacia_door_top"},"east":{"uv":[0,0,0.45,0.45],"texture":"#acacia_door_top"},"south":{"uv":[0,0,0.45,0.45],"texture":"#acacia_door_top"},"west":{"uv":[0,0,0.45,0.45],"texture":"#acacia_door_top"},"up":{"uv":[0,0,0.45,0.45],"texture":"#acacia_door_top"},"down":{"uv":[0,0,0.45,0.45],"texture":"#acacia_door_top"}}},{"from":[11.15,-1.25,11.6],"to":[11.6,-0.8,12.05],"faces":{"north":{"uv":[0,0,0.45,0.45],"texture":"#acacia_door_top"},"east":{"uv":[0,0,0.45,0.45],"texture":"#acacia_door_top"},"south":{"uv":[0,0,0.45,0.45],"texture":"#acacia_door_top"},"west":{"uv":[0,0,0.45,0.45],"texture":"#acacia_door_top"},"up":{"uv":[0,0,0.45,0.45],"texture":"#acacia_door_top"},"down":{"uv":[0,0,0.45,0.45],"texture":"#acacia_door_top"}}},{"from":[4.4,-2.15,11.15],"to":[4.85,-0.8,11.6],"faces":{"north":{"uv":[0,0,0.45,1.35],"texture":"#acacia_door_top"},"east":{"uv":[0,0,0.45,1.35],"texture":"#acacia_door_top"},"south":{"uv":[0,0,0.45,1.35],"texture":"#acacia_door_top"},"west":{"uv":[0,0,0.45,1.35],"texture":"#acacia_door_top"},"up":{"uv":[0,0,0.45,0.45],"texture":"#acacia_door_top"},"down":{"uv":[0,0,0.45,0.45],"texture":"#acacia_door_top"}}},{"from":[4.4,-2.15,1.7],"to":[4.85,-0.8,2.15],"faces":{"north":{"uv":[0,0,0.45,1.35],"texture":"#acacia_door_top"},"east":{"uv":[0,0,0.45,1.35],"texture":"#acacia_door_top"},"south":{"uv":[0,0,0.45,1.35],"texture":"#acacia_door_top"},"west":{"uv":[0,0,0.45,1.35],"texture":"#acacia_door_top"},"up":{"uv":[0,0,0.45,0.45],"texture":"#acacia_door_top"},"down":{"uv":[0,0,0.45,0.45],"texture":"#acacia_door_top"}}},{"from":[4.4,-1.25,1.25],"to":[4.85,-0.8,1.7],"faces":{"north":{"uv":[0,0,0.45,0.45],"texture":"#acacia_door_top"},"east":{"uv":[0,0,0.45,0.45],"texture":"#acacia_door_top"},"south":{"uv":[0,0,0.45,0.45],"texture":"#acacia_door_top"},"west":{"uv":[0,0,0.45,0.45],"texture":"#acacia_door_top"},"up":{"uv":[0,0,0.45,0.45],"texture":"#acacia_door_top"},"down":{"uv":[0,0,0.45,0.45],"texture":"#acacia_door_top"}}},{"from":[4.4,-1.25,1.25],"to":[4.85,-0.8,1.7],"faces":{"north":{"uv":[0,0,16,16],"texture":"#acacia_door_top"},"east":{"uv":[0,0,16,16],"texture":"#acacia_door_top"},"south":{"uv":[0,0,16,16],"texture":"#acacia_door_top"},"west":{"uv":[0,0,16,16],"texture":"#acacia_door_top"},"up":{"uv":[0,0,16,16],"texture":"#acacia_door_top"},"down":{"uv":[0,0,16,16],"texture":"#acacia_door_top"}}},{"from":[4.4,-1.25,11.6],"to":[4.85,-0.8,12.05],"faces":{"north":{"uv":[0,0,0.45,0.45],"texture":"#acacia_door_top"},"east":{"uv":[0,0,0.45,0.45],"texture":"#acacia_door_top"},"south":{"uv":[0,0,0.45,0.45],"texture":"#acacia_door_top"},"west":{"uv":[0,0,0.45,0.45],"texture":"#acacia_door_top"},"up":{"uv":[0,0,0.45,0.45],"texture":"#acacia_door_top"},"down":{"uv":[0,0,0.45,0.45],"texture":"#acacia_door_top"}}},{"from":[11.3,-0.8,9.35],"to":[11.3625,1.45,12.05],"faces":{"north":{"uv":[0,2.5,1,15.5],"texture":"#wodih"},"east":{"uv":[0,2.5,16,15.5],"texture":"#wodih"},"south":{"uv":[0,2.5,1,15.5],"texture":"#wodih"},"west":{"uv":[0,2.5,16,15.5],"texture":"#wodih"},"up":{"uv":[0,2.5,16,15.5],"texture":"#wodih"},"down":{"uv":[0,2.5,16,15.5],"texture":"#wodih"}}},{"from":[11.3,-0.8,1.25],"to":[11.3625,1.45,3.95],"faces":{"north":{"uv":[0,2.5,1,15.5],"texture":"#wodih"},"east":{"uv":[0,2.5,16,15.5],"texture":"#wodih"},"south":{"uv":[0,2.5,1,15.5],"texture":"#wodih"},"west":{"uv":[0,2.5,16,15.5],"texture":"#wodih"},"up":{"uv":[0,2.5,16,15.5],"texture":"#wodih"},"down":{"uv":[0,2.5,16,15.5],"texture":"#wodih"}}},{"from":[4.65,-0.8,1.25],"to":[4.7125,1.45,3.95],"faces":{"north":{"uv":[0,2.5,1,15.5],"texture":"#wodih"},"east":{"uv":[0,2.5,16,15.5],"texture":"#wodih"},"south":{"uv":[0,2.5,1,15.5],"texture":"#wodih"},"west":{"uv":[0,2.5,16,15.5],"texture":"#wodih"},"up":{"uv":[0,2.5,16,15.5],"texture":"#wodih"},"down":{"uv":[0,2.5,16,15.5],"texture":"#wodih"}}},{"from":[4.65,-0.8,9.35],"to":[4.7125,1.45,12.05],"faces":{"north":{"uv":[0,2.5,1,15.5],"texture":"#wodih"},"east":{"uv":[0,2.5,16,15.5],"texture":"#wodih"},"south":{"uv":[0,2.5,1,15.5],"texture":"#wodih"},"west":{"uv":[0,2.5,16,15.5],"texture":"#wodih"},"up":{"uv":[0,2.5,16,15.5],"texture":"#wodih"},"down":{"uv":[0,2.5,16,15.5],"texture":"#wodih"}}},{"from":[4.625,1.9,12.95],"to":[4.85,15.4,13.175],"faces":{"north":{"uv":[7,0,9,16],"texture":"#lead_knot"},"east":{"uv":[12,0,14,16],"texture":"#lead_knot"},"south":{"uv":[7,0,9,16],"texture":"#lead_knot"},"west":{"uv":[12,0,14,16],"texture":"#lead_knot"},"up":{"uv":[2,0,4,16],"texture":"#lead_knot"},"down":{"uv":[2,0,4,16],"texture":"#lead_knot"}}},{"from":[4.625,1.9,0.125],"to":[4.85,15.4,0.35],"faces":{"north":{"uv":[7,0,9,16],"texture":"#lead_knot"},"east":{"uv":[12,0,14,16],"texture":"#lead_knot"},"south":{"uv":[7,0,9,16],"texture":"#lead_knot"},"west":{"uv":[12,0,14,16],"texture":"#lead_knot"},"up":{"uv":[2,0,4,16],"texture":"#lead_knot"},"down":{"uv":[2,0,4,16],"texture":"#lead_knot"}}},{"from":[11.15,1.9,0.125],"to":[11.375,15.4,0.35],"faces":{"north":{"uv":[7,0,9,16],"texture":"#lead_knot"},"east":{"uv":[12,0,14,16],"texture":"#lead_knot"},"south":{"uv":[7,0,9,16],"texture":"#lead_knot"},"west":{"uv":[12,0,14,16],"texture":"#lead_knot"},"up":{"uv":[2,0,4,16],"texture":"#lead_knot"},"down":{"uv":[2,0,4,16],"texture":"#lead_knot"}}},{"from":[11.15,1.9,12.95],"to":[11.375,15.4,13.175],"faces":{"north":{"uv":[7,0,9,16],"texture":"#lead_knot"},"east":{"uv":[12,0,14,16],"texture":"#lead_knot"},"south":{"uv":[7,0,9,16],"texture":"#lead_knot"},"west":{"uv":[12,0,14,16],"texture":"#lead_knot"},"up":{"uv":[2,0,4,16],"texture":"#lead_knot"},"down":{"uv":[2,0,4,16],"texture":"#lead_knot"}}},{"from":[10.925,14.275,-0.1],"to":[11.6,15.625,0.575],"faces":{"north":{"uv":[0,0,0.675,1.35],"texture":"#acacia_door_top"},"east":{"uv":[0,0,0.675,1.35],"texture":"#acacia_door_top"},"south":{"uv":[0,0,0.675,1.35],"texture":"#acacia_door_top"},"west":{"uv":[0,0,0.675,1.35],"texture":"#acacia_door_top"},"up":{"uv":[0,0,0.675,0.675],"texture":"#acacia_door_top"},"down":{"uv":[0,0,0.675,0.675],"texture":"#acacia_door_top"}}},{"from":[4.4,14.275,-0.1],"to":[5.075,15.625,0.575],"faces":{"north":{"uv":[0,0,0.675,1.35],"texture":"#acacia_door_top"},"east":{"uv":[0,0,0.675,1.35],"texture":"#acacia_door_top"},"south":{"uv":[0,0,0.675,1.35],"texture":"#acacia_door_top"},"west":{"uv":[0,0,0.675,1.35],"texture":"#acacia_door_top"},"up":{"uv":[0,0,0.675,0.675],"texture":"#acacia_door_top"},"down":{"uv":[0,0,0.675,0.675],"texture":"#acacia_door_top"}}},{"from":[4.4,14.275,12.725],"to":[5.075,15.625,13.4],"faces":{"north":{"uv":[0,0,0.675,1.35],"texture":"#acacia_door_top"},"east":{"uv":[0,0,0.675,1.35],"texture":"#acacia_door_top"},"south":{"uv":[0,0,0.675,1.35],"texture":"#acacia_door_top"},"west":{"uv":[0,0,0.675,1.35],"texture":"#acacia_door_top"},"up":{"uv":[0,0,0.675,0.675],"texture":"#acacia_door_top"},"down":{"uv":[0,0,0.675,0.675],"texture":"#acacia_door_top"}}},{"from":[10.925,14.275,12.725],"to":[11.6,15.625,13.4],"faces":{"north":{"uv":[0,0,0.675,1.35],"texture":"#acacia_door_top"},"east":{"uv":[0,0,0.675,1.35],"texture":"#acacia_door_top"},"south":{"uv":[0,0,0.675,1.35],"texture":"#acacia_door_top"},"west":{"uv":[0,0,0.675,1.35],"texture":"#acacia_door_top"},"up":{"uv":[0,0,0.675,0.675],"texture":"#acacia_door_top"},"down":{"uv":[0,0,0.675,0.675],"texture":"#acacia_door_top"}}},{"from":[7.5,27,7],"to":[8.5,31.5,8],"faces":{"north":{"uv":[7,0,9,16],"texture":"#lead_knot"},"east":{"uv":[12,0,14,16],"texture":"#lead_knot"},"south":{"uv":[7,0,9,16],"texture":"#lead_knot"},"west":{"uv":[12,0,14,16],"texture":"#lead_knot"},"up":{"uv":[2,0,4,2],"texture":"#lead_knot"},"down":{"uv":[2,0,4,16],"texture":"#lead_knot"}}},{"from":[8.5,31,5.5],"to":[9,32,9.5],"faces":{"north":{"uv":[8,2,9,4],"texture":"#lead_knot"},"east":{"uv":[2,2,9,4],"texture":"#lead_knot"},"south":{"uv":[2,2,3,4],"texture":"#lead_knot"},"west":{"uv":[2,2,9,4],"texture":"#lead_knot"},"up":{"uv":[2,2,9,4],"rotation":90,"texture":"#lead_knot"},"down":{"uv":[2,2,9,4],"rotation":90,"texture":"#lead_knot"}}},{"from":[7,31,5.5],"to":[7.5,32,9.5],"faces":{"north":{"uv":[8,2,9,4],"texture":"#lead_knot"},"east":{"uv":[2,2,9,4],"texture":"#lead_knot"},"south":{"uv":[2,2,3,4],"texture":"#lead_knot"},"west":{"uv":[2,2,9,4],"texture":"#lead_knot"},"up":{"uv":[2,2,9,4],"rotation":90,"texture":"#lead_knot"},"down":{"uv":[2,2,9,4],"rotation":90,"texture":"#lead_knot"}}},{"from":[2.55,18.55,21.95],"to":[3.45,19.45,26.45],"rotation":{"angle":-45,"axis":"y","origin":[2.55,18.55,21.95]},"faces":{"north":{"uv":[0,0,0.9,0.9],"rotation":90,"texture":"#acacia_door_top"},"east":{"uv":[0,0,4.5,0.9],"rotation":270,"texture":"#acacia_door_top"},"south":{"uv":[0,0,0.9,0.9],"rotation":270,"texture":"#acacia_door_top"},"west":{"uv":[0,0,4.5,0.9],"rotation":270,"texture":"#acacia_door_top"},"up":{"uv":[0,0,0.9,4.5],"rotation":270,"texture":"#acacia_door_top"},"down":{"uv":[0,0,0.9,4.5],"rotation":270,"texture":"#acacia_door_top"}}},{"from":[-0.6,18.55,25.1],"to":[0.3,19.45,28.25],"rotation":{"angle":-22.5,"axis":"y","origin":[-0.6,18.55,25.1]},"faces":{"north":{"uv":[0,0,0.9,0.9],"rotation":90,"texture":"#acacia_door_top"},"east":{"uv":[0,0,3.15,0.9],"rotation":270,"texture":"#acacia_door_top"},"south":{"uv":[0,0,0.9,0.9],"rotation":270,"texture":"#acacia_door_top"},"west":{"uv":[0,0,3.15,0.9],"rotation":270,"texture":"#acacia_door_top"},"up":{"uv":[0,0,0.9,3.15],"rotation":270,"texture":"#acacia_door_top"},"down":{"uv":[0,0,0.9,3.15],"rotation":270,"texture":"#acacia_door_top"}}},{"from":[-0.15,19,25.55],"to":[3.15,19.0625,28.25],"rotation":{"angle":-22.5,"axis":"y","origin":[-0.15,19,25.55]},"faces":{"north":{"uv":[0,0,0.0625,3.15],"rotation":90,"texture":"#sandstone_top"},"east":{"uv":[0,0,0.0625,2.7],"rotation":270,"texture":"#sandstone_top"},"south":{"uv":[0,0,0.0625,3.15],"rotation":270,"texture":"#sandstone_top"},"west":{"uv":[0,0,0.0625,2.7],"rotation":270,"texture":"#sandstone_top"},"up":{"uv":[0,0,2.7,3.15],"rotation":270,"texture":"#sandstone_top"},"down":{"uv":[0,0,2.7,3.15],"rotation":270,"texture":"#sandstone_top"}}},{"from":[1.38179,19,28.20555],"to":[2.80679,19.0625,29.55555],"rotation":{"angle":22.5,"axis":"y","origin":[1.00679,19,28.20555]},"faces":{"north":{"uv":[0,0,0.0625,1.8],"rotation":90,"texture":"#sandstone_top"},"east":{"uv":[0,0,0.0625,1.35],"rotation":270,"texture":"#sandstone_top"},"south":{"uv":[0,0,0.0625,1.8],"rotation":270,"texture":"#sandstone_top"},"west":{"uv":[0,0,0.0625,1.35],"rotation":270,"texture":"#sandstone_top"},"up":{"uv":[0,0,1.35,1.8],"rotation":270,"texture":"#sandstone_top"},"down":{"uv":[0,0,1.35,1.8],"rotation":270,"texture":"#sandstone_top"}}},{"from":[2.55,19,22.4],"to":[7.5,19.0625,26.45],"rotation":{"angle":-45,"axis":"y","origin":[2.55,19,22.4]},"faces":{"north":{"uv":[0,0,0.0625,4.95],"rotation":90,"texture":"#sandstone_top"},"east":{"uv":[0,0,0.0625,4.05],"rotation":270,"texture":"#sandstone_top"},"south":{"uv":[0,0,0.0625,4.95],"rotation":270,"texture":"#sandstone_top"},"west":{"uv":[0,0,0.0625,4.05],"rotation":270,"texture":"#sandstone_top"},"up":{"uv":[0,0,4.05,4.95],"rotation":270,"texture":"#sandstone_top"},"down":{"uv":[0,0,4.05,4.95],"rotation":270,"texture":"#sandstone_top"}}},{"from":[7.55,13.6,21.95],"to":[8.45,14.5,26.45],"rotation":{"angle":45,"axis":"x","origin":[8.45,13.6,21.95]},"faces":{"north":{"uv":[0,0,0.9,0.9],"rotation":180,"texture":"#acacia_door_top"},"east":{"uv":[0,0,4.5,0.9],"rotation":180,"texture":"#acacia_door_top"},"south":{"uv":[0,0,0.9,0.9],"rotation":180,"texture":"#acacia_door_top"},"west":{"uv":[0,0,4.5,0.9],"rotation":180,"texture":"#acacia_door_top"},"up":{"uv":[0,0,0.9,4.5],"rotation":180,"texture":"#acacia_door_top"},"down":{"uv":[0,0,0.9,4.5],"rotation":180,"texture":"#acacia_door_top"}}},{"from":[7.55,10.45,25.1],"to":[8.45,11.35,28.25],"rotation":{"angle":22.5,"axis":"x","origin":[8.45,10.45,25.1]},"faces":{"north":{"uv":[0,0,0.9,0.9],"rotation":180,"texture":"#acacia_door_top"},"east":{"uv":[0,0,3.15,0.9],"rotation":180,"texture":"#acacia_door_top"},"south":{"uv":[0,0,0.9,0.9],"rotation":180,"texture":"#acacia_door_top"},"west":{"uv":[0,0,3.15,0.9],"rotation":180,"texture":"#acacia_door_top"},"up":{"uv":[0,0,0.9,3.15],"rotation":180,"texture":"#acacia_door_top"},"down":{"uv":[0,0,0.9,3.15],"rotation":180,"texture":"#acacia_door_top"}}},{"from":[7.9375,13.6,22.4],"to":[8,18.55,26.45],"rotation":{"angle":45,"axis":"x","origin":[8,13.6,22.4]},"faces":{"north":{"uv":[0,0,0.0625,4.95],"rotation":180,"texture":"#sandstone_top"},"east":{"uv":[0,0,4.05,4.95],"rotation":180,"texture":"#sandstone_top"},"south":{"uv":[0,0,0.0625,4.95],"rotation":180,"texture":"#sandstone_top"},"west":{"uv":[0,0,4.05,4.95],"rotation":180,"texture":"#sandstone_top"},"up":{"uv":[0,0,0.0625,4.05],"rotation":180,"texture":"#sandstone_top"},"down":{"uv":[0,0,0.0625,4.05],"rotation":180,"texture":"#sandstone_top"}}},{"from":[7.9375,10.9,25.55],"to":[8,14.2,28.25],"rotation":{"angle":22.5,"axis":"x","origin":[8,10.9,25.55]},"faces":{"north":{"uv":[0,0,0.0625,3.15],"rotation":180,"texture":"#sandstone_top"},"east":{"uv":[0,0,2.7,3.15],"rotation":180,"texture":"#sandstone_top"},"south":{"uv":[0,0,0.0625,3.15],"rotation":180,"texture":"#sandstone_top"},"west":{"uv":[0,0,2.7,3.15],"rotation":180,"texture":"#sandstone_top"},"up":{"uv":[0,0,0.0625,2.7],"rotation":180,"texture":"#sandstone_top"},"down":{"uv":[0,0,0.0625,2.7],"rotation":180,"texture":"#sandstone_top"}}},{"from":[7.9375,12.43179,28.20555],"to":[8,13.85679,29.55555],"rotation":{"angle":-22.5,"axis":"x","origin":[8,12.05679,28.20555]},"faces":{"north":{"uv":[0,0,0.0625,1.8],"rotation":180,"texture":"#sandstone_top"},"east":{"uv":[0,0,1.35,1.8],"rotation":180,"texture":"#sandstone_top"},"south":{"uv":[0,0,0.0625,1.8],"rotation":180,"texture":"#sandstone_top"},"west":{"uv":[0,0,1.35,1.8],"rotation":180,"texture":"#sandstone_top"},"up":{"uv":[0,0,0.0625,1.35],"rotation":180,"texture":"#sandstone_top"},"down":{"uv":[0,0,0.0625,1.35],"rotation":180,"texture":"#sandstone_top"}}},{"from":[12.55,18.55,21.95],"to":[13.45,19.45,26.45],"rotation":{"angle":45,"axis":"y","origin":[13.45,18.55,21.95]},"faces":{"north":{"uv":[0,0,0.9,0.9],"rotation":90,"texture":"#acacia_door_top"},"east":{"uv":[0,0,4.5,0.9],"rotation":270,"texture":"#acacia_door_top"},"south":{"uv":[0,0,0.9,0.9],"rotation":270,"texture":"#acacia_door_top"},"west":{"uv":[0,0,4.5,0.9],"rotation":270,"texture":"#acacia_door_top"},"up":{"uv":[0,0,0.9,4.5],"rotation":270,"texture":"#acacia_door_top"},"down":{"uv":[0,0,0.9,4.5],"rotation":270,"texture":"#acacia_door_top"}}},{"from":[15.7,18.55,25.1],"to":[16.6,19.45,28.25],"rotation":{"angle":22.5,"axis":"y","origin":[16.6,18.55,25.1]},"faces":{"north":{"uv":[0,0,0.9,0.9],"rotation":90,"texture":"#acacia_door_top"},"east":{"uv":[0,0,3.15,0.9],"rotation":270,"texture":"#acacia_door_top"},"south":{"uv":[0,0,0.9,0.9],"rotation":270,"texture":"#acacia_door_top"},"west":{"uv":[0,0,3.15,0.9],"rotation":270,"texture":"#acacia_door_top"},"up":{"uv":[0,0,0.9,3.15],"rotation":270,"texture":"#acacia_door_top"},"down":{"uv":[0,0,0.9,3.15],"rotation":270,"texture":"#acacia_door_top"}}},{"from":[8.5,19,22.4],"to":[13.45,19.0625,26.45],"rotation":{"angle":45,"axis":"y","origin":[13.45,19,22.4]},"faces":{"north":{"uv":[0.0625,0,0,4.95],"rotation":90,"texture":"#sandstone_top"},"east":{"uv":[0.0625,0,0,4.05],"rotation":270,"texture":"#sandstone_top"},"south":{"uv":[0.0625,0,0,4.95],"rotation":270,"texture":"#sandstone_top"},"west":{"uv":[0.0625,0,0,4.05],"rotation":270,"texture":"#sandstone_top"},"up":{"uv":[4.05,0,0,4.95],"rotation":270,"texture":"#sandstone_top"},"down":{"uv":[4.05,0,0,4.95],"rotation":270,"texture":"#sandstone_top"}}},{"from":[12.85,19,25.55],"to":[16.15,19.0625,28.25],"rotation":{"angle":22.5,"axis":"y","origin":[16.15,19,25.55]},"faces":{"north":{"uv":[0.0625,0,0,3.15],"rotation":90,"texture":"#sandstone_top"},"east":{"uv":[0.0625,0,0,2.7],"rotation":270,"texture":"#sandstone_top"},"south":{"uv":[0.0625,0,0,3.15],"rotation":270,"texture":"#sandstone_top"},"west":{"uv":[0.0625,0,0,2.7],"rotation":270,"texture":"#sandstone_top"},"up":{"uv":[2.7,0,0,3.15],"rotation":270,"texture":"#sandstone_top"},"down":{"uv":[2.7,0,0,3.15],"rotation":270,"texture":"#sandstone_top"}}},{"from":[13.19321,19,28.20555],"to":[14.61821,19.0625,29.55555],"rotation":{"angle":-22.5,"axis":"y","origin":[14.99321,19,28.20555]},"faces":{"north":{"uv":[0.0625,0,0,1.8],"rotation":90,"texture":"#sandstone_top"},"east":{"uv":[0.0625,0,0,1.35],"rotation":270,"texture":"#sandstone_top"},"south":{"uv":[0.0625,0,0,1.8],"rotation":270,"texture":"#sandstone_top"},"west":{"uv":[0.0625,0,0,1.35],"rotation":270,"texture":"#sandstone_top"},"up":{"uv":[1.35,0,0,1.8],"rotation":270,"texture":"#sandstone_top"},"down":{"uv":[1.35,0,0,1.8],"rotation":270,"texture":"#sandstone_top"}}}],"display":{"gui":{"rotation":[30,-135,0],"translation":[0.75,-2.5,0],"scale":[0.375,0.375,0.375]},"head":{"translation":[0,24,5.5],"scale":[4,4,4]}},"credit":"Model by Craftventure"}