{
	"credit": "Made with Blockbench",
	"textures": {
		"3": "texture/Noir",
		"4": "block/furnace_front_on",
		"5": "block/furnace_top",
		"6": "block/iron_bars",
		"7": "block/hopper_inside",
		"8": "block/hopper_outside",
		"particle": "texture/Gris"
	},
	"elements": [
		{
			"from": [0, 0, -2],
			"to": [16, 2, 18],
			"faces": {
				"north": {"uv": [0.75, 6.5, 1.75, 13.5], "texture": "#7"},
				"east": {"uv": [0, 6, 16, 9], "texture": "#8"},
				"south": {"uv": [0, 9, 16, 6], "rotation": 180, "texture": "#8"},
				"west": {"uv": [0, 6, 16, 9], "texture": "#8"},
				"up": {"uv": [16, 0, 0, 16], "texture": "#7"},
				"down": {"uv": [5.25, 6.5, 0.75, 13.5], "texture": "#7"}
			}
		},
		{
			"from": [0, 2, -2],
			"to": [1, 9, 16],
			"faces": {
				"north": {"uv": [5, 1, 9, 4.75], "texture": "#8"},
				"east": {"uv": [0, 6, 16, 16], "texture": "#8"},
				"south": {"uv": [0, 6, 1, 16], "texture": "#8"},
				"west": {"uv": [0, 6, 16, 16], "texture": "#8"},
				"up": {"uv": [0, 6, 16, 6.75], "texture": "#8"},
				"down": {"uv": [5, 1, 9, 4.75], "texture": "#8"}
			}
		},
		{
			"from": [15, 2, -2],
			"to": [16, 9, 16],
			"faces": {
				"north": {"uv": [5, 1, 9, 4.75], "texture": "#8"},
				"east": {"uv": [0, 6, 16, 16], "texture": "#8"},
				"south": {"uv": [0, 6, 1, 16], "texture": "#8"},
				"west": {"uv": [0, 6, 16, 16], "texture": "#8"},
				"up": {"uv": [0, 6, 16, 6.75], "texture": "#8"},
				"down": {"uv": [5, 1, 9, 4.75], "texture": "#8"}
			}
		},
		{
			"from": [1, 2, -2],
			"to": [15, 9, -1],
			"faces": {
				"north": {"uv": [1, 0, 1, 0], "texture": "#4"},
				"east": {"uv": [0, 0, 0, 0], "texture": "#4"},
				"south": {"uv": [0, 8, 16, 16], "texture": "#4"},
				"west": {"uv": [0, 0, 0, 0], "texture": "#4"},
				"up": {"uv": [0, 0, 0, 0], "texture": "#4"},
				"down": {"uv": [0, 0, 0, 0], "texture": "#4"}
			}
		},
		{
			"from": [0, 9, -2],
			"to": [1, 19, 1],
			"faces": {
				"north": {"uv": [3, 0, 5, 16], "texture": "#5"},
				"east": {"uv": [0, 0, 16, 16], "texture": "#5"},
				"south": {"uv": [0, 0, 1, 10], "texture": "#5"},
				"west": {"uv": [0, 0, 16, 16], "texture": "#5"},
				"up": {"uv": [0, 0, 1, 3], "texture": "#5"},
				"down": {"uv": [0, 0, 1, 3], "texture": "#5"}
			}
		},
		{
			"from": [15, 9, -2],
			"to": [16, 19, 1],
			"faces": {
				"north": {"uv": [3, 0, 5, 16], "texture": "#5"},
				"east": {"uv": [0, 0, 16, 16], "texture": "#5"},
				"south": {"uv": [0, 0, 1, 10], "texture": "#5"},
				"west": {"uv": [0, 0, 16, 16], "texture": "#5"},
				"up": {"uv": [0, 0, 1, 3], "texture": "#5"},
				"down": {"uv": [0, 0, 1, 3], "texture": "#5"}
			}
		},
		{
			"from": [0, 9, 8],
			"to": [1, 19, 11],
			"faces": {
				"north": {"uv": [0, 0, 1, 10], "texture": "#5"},
				"east": {"uv": [0, 0, 16, 16], "texture": "#5"},
				"south": {"uv": [3, 0, 5, 16], "texture": "#5"},
				"west": {"uv": [0, 0, 16, 16], "texture": "#5"},
				"up": {"uv": [0, 0, 1, 3], "texture": "#5"},
				"down": {"uv": [0, 0, 1, 3], "texture": "#5"}
			}
		},
		{
			"from": [15, 9, 8],
			"to": [16, 19, 11],
			"faces": {
				"north": {"uv": [0, 0, 1, 10], "texture": "#5"},
				"east": {"uv": [0, 0, 16, 16], "texture": "#5"},
				"south": {"uv": [3, 0, 5, 16], "texture": "#5"},
				"west": {"uv": [0, 0, 16, 16], "texture": "#5"},
				"up": {"uv": [0, 0, 1, 3], "texture": "#5"},
				"down": {"uv": [0, 0, 1, 3], "texture": "#5"}
			}
		},
		{
			"from": [1, 9, -2],
			"to": [15, 11, -1],
			"faces": {
				"north": {"uv": [0, 0, 16, 2], "texture": "#4"},
				"east": {"uv": [0, 0, 1, 2], "texture": "#missing"},
				"south": {"uv": [16, 0, 0, 2], "texture": "#4"},
				"west": {"uv": [0, 0, 1, 2], "texture": "#missing"},
				"up": {"uv": [0, 0, 16, 1], "texture": "#5"},
				"down": {"uv": [0, 0, 14, 1], "texture": "#missing"}
			}
		},
		{
			"from": [4, 11, -2],
			"to": [12, 17, -1],
			"faces": {
				"north": {"uv": [0, 0, 16, 10], "texture": "#5"},
				"east": {"uv": [0, 0, 1, 10], "texture": "#5"},
				"south": {"uv": [0, 0, 16, 10], "texture": "#5"},
				"west": {"uv": [15, 0, 16, 10], "texture": "#5"},
				"up": {"uv": [0, 0, 8, 1], "texture": "#5"},
				"down": {"uv": [0, 0, 8, 1], "texture": "#5"}
			}
		},
		{
			"from": [14, 11, -2],
			"to": [15, 19, -1],
			"faces": {
				"north": {"uv": [5, 0, 7, 13], "texture": "#5"},
				"east": {"uv": [0, 0, 1, 8], "texture": "#missing"},
				"south": {"uv": [5, 0, 7, 13], "texture": "#5"},
				"west": {"uv": [5, 0, 7, 13], "texture": "#5"},
				"up": {"uv": [0, 0, 1, 1], "texture": "#missing"},
				"down": {"uv": [0, 0, 1, 1], "texture": "#missing"}
			}
		},
		{
			"from": [1, 11, -2],
			"to": [2, 19, -1],
			"faces": {
				"north": {"uv": [5, 0, 7, 13], "texture": "#5"},
				"east": {"uv": [5, 0, 7, 13], "texture": "#5"},
				"south": {"uv": [5, 0, 7, 13], "texture": "#5"},
				"west": {"uv": [5, 0, 7, 13], "texture": "#5"},
				"up": {"uv": [0, 0, 1, 1], "texture": "#missing"},
				"down": {"uv": [0, 0, 1, 1], "texture": "#missing"}
			}
		},
		{
			"from": [2, 17, -2],
			"to": [14, 20, -1],
			"faces": {
				"north": {"uv": [1, 8, 15, 16], "texture": "#5"},
				"east": {"uv": [0, 0, 1, 3], "texture": "#5"},
				"south": {"uv": [1, 8, 15, 16], "texture": "#5"},
				"west": {"uv": [0, 0, 1, 3], "texture": "#5"},
				"up": {"uv": [0, 0, 12, 1], "texture": "#5"},
				"down": {"uv": [0, 0, 12, 1], "texture": "#5"}
			}
		},
		{
			"from": [2, 20, -3],
			"to": [14, 22, 13],
			"faces": {
				"north": {"uv": [0, 0, 16, 16], "texture": "#7"},
				"east": {"uv": [0, 0, 16, 16], "texture": "#7"},
				"south": {"uv": [0, 0, 16, 16], "texture": "#7"},
				"west": {"uv": [0, 0, 16, 16], "texture": "#7"},
				"up": {"uv": [0, 0, 16, 16], "texture": "#7"},
				"down": {"uv": [0, 0, 16, 16], "texture": "#7"}
			}
		},
		{
			"from": [-1, 19, -3],
			"to": [2, 21, 13],
			"faces": {
				"north": {"uv": [0, 0, 16, 16], "texture": "#7"},
				"east": {"uv": [0, 0, 16, 16], "texture": "#7"},
				"south": {"uv": [0, 0, 16, 16], "texture": "#7"},
				"west": {"uv": [0, 0, 16, 16], "texture": "#7"},
				"up": {"uv": [0, 0, 16, 16], "texture": "#7"},
				"down": {"uv": [0, 0, 16, 16], "texture": "#7"}
			}
		},
		{
			"from": [14, 19, -3],
			"to": [17, 21, 13],
			"faces": {
				"north": {"uv": [0, 0, 16, 16], "texture": "#7"},
				"east": {"uv": [0, 0, 16, 16], "texture": "#7"},
				"south": {"uv": [0, 0, 16, 16], "texture": "#7"},
				"west": {"uv": [0, 0, 16, 16], "texture": "#7"},
				"up": {"uv": [0, 0, 16, 16], "texture": "#7"},
				"down": {"uv": [0, 0, 16, 16], "texture": "#7"}
			}
		},
		{
			"from": [3, 0, -9],
			"to": [13, 5, -5],
			"faces": {
				"north": {"uv": [0, 0, 10, 5], "texture": "#8"},
				"east": {"uv": [0, 0, 4, 5], "texture": "#8"},
				"south": {"uv": [0, 0, 10, 5], "texture": "#8"},
				"west": {"uv": [0, 0, 4, 5], "texture": "#8"},
				"up": {"uv": [0, 0, 10, 4], "texture": "#8"},
				"down": {"uv": [0, 0, 10, 4], "texture": "#8"}
			}
		},
		{
			"from": [6, 0, -12],
			"to": [10, 3, -9],
			"faces": {
				"north": {"uv": [0, 0, 4, 3], "texture": "#8"},
				"east": {"uv": [0, 0, 3, 3], "texture": "#8"},
				"south": {"uv": [0, 0, 4, 3], "texture": "#8"},
				"west": {"uv": [0, 0, 3, 3], "texture": "#8"},
				"up": {"uv": [0, 0, 4, 3], "texture": "#8"},
				"down": {"uv": [0, 0, 4, 3], "texture": "#8"}
			}
		},
		{
			"from": [1, 0, -5],
			"to": [15, 9, -2],
			"faces": {
				"north": {"uv": [0, 0, 14, 9], "texture": "#8"},
				"east": {"uv": [0, 0, 3, 9], "texture": "#8"},
				"south": {"uv": [0, 0, 14, 9], "texture": "#8"},
				"west": {"uv": [0, 0, 14, 14], "texture": "#8"},
				"up": {"uv": [0, 0, 14, 3], "texture": "#8"},
				"down": {"uv": [0, 0, 14, 3], "texture": "#8"}
			}
		},
		{
			"from": [16, -1, -1],
			"to": [17, 4, 4],
			"faces": {
				"north": {"uv": [0, 0, 6, 1], "texture": "#3"},
				"east": {"uv": [0, 0, 6, 1], "texture": "#3"},
				"south": {"uv": [0, 0, 6, 1], "texture": "#3"},
				"west": {"uv": [0, 0, 6, 1], "texture": "#3"},
				"up": {"uv": [0, 0, 6, 1], "texture": "#3"},
				"down": {"uv": [0, 0, 6, 1], "texture": "#3"}
			}
		},
		{
			"from": [16, -1, 9],
			"to": [17, 4, 14],
			"faces": {
				"north": {"uv": [0, 0, 6, 1], "texture": "#3"},
				"east": {"uv": [0, 0, 6, 1], "texture": "#3"},
				"south": {"uv": [0, 0, 6, 1], "texture": "#3"},
				"west": {"uv": [0, 0, 6, 1], "texture": "#3"},
				"up": {"uv": [0, 0, 6, 1], "texture": "#3"},
				"down": {"uv": [0, 0, 6, 1], "texture": "#3"}
			}
		},
		{
			"from": [-1, -1, 9],
			"to": [0, 4, 14],
			"faces": {
				"north": {"uv": [0.25, 0.25, 5.75, 0.75], "texture": "#3"},
				"east": {"uv": [0.25, 0.25, 5.75, 0.75], "texture": "#3"},
				"south": {"uv": [0.25, 0.25, 5.75, 0.75], "texture": "#3"},
				"west": {"uv": [0.25, 0.25, 5.75, 0.75], "texture": "#3"},
				"up": {"uv": [0.25, 0.25, 5.75, 0.75], "texture": "#3"},
				"down": {"uv": [0.25, 0.25, 5.75, 0.75], "texture": "#3"}
			}
		},
		{
			"from": [-1, -1, -1],
			"to": [0, 4, 4],
			"faces": {
				"north": {"uv": [0, 0, 6, 1], "texture": "#3"},
				"east": {"uv": [0, 0, 6, 1], "texture": "#3"},
				"south": {"uv": [0, 0, 6, 1], "texture": "#3"},
				"west": {"uv": [0, 0, 6, 1], "texture": "#3"},
				"up": {"uv": [0, 0, 6, 1], "texture": "#3"},
				"down": {"uv": [0, 0, 6, 1], "texture": "#3"}
			}
		},
		{
			"from": [0, 9, 1],
			"to": [1, 19, 8],
			"faces": {
				"north": {"uv": [0, 0, 1, 10], "texture": "#6"},
				"east": {"uv": [0, 0, 11, 13], "texture": "#6"},
				"south": {"uv": [0, 0, 1, 10], "texture": "#6"},
				"west": {"uv": [0, 0, 11, 11], "texture": "#6"},
				"up": {"uv": [0, 0, 1, 7], "texture": "#6"},
				"down": {"uv": [0, 0, 1, 7], "texture": "#6"}
			}
		},
		{
			"from": [15, 9, 1],
			"to": [16, 19, 8],
			"faces": {
				"north": {"uv": [0, 0, 1, 10], "texture": "#6"},
				"east": {"uv": [0, 0, 11, 13], "texture": "#6"},
				"south": {"uv": [0, 0, 1, 10], "texture": "#6"},
				"west": {"uv": [0, 0, 11, 11], "texture": "#6"},
				"up": {"uv": [0, 0, 1, 7], "texture": "#6"},
				"down": {"uv": [0, 0, 1, 7], "texture": "#6"}
			}
		}
	],
	"display": {
		"thirdperson_righthand": {
			"translation": [0, 3, 1],
			"scale": [0.55, 0.55, 0.55]
		}
	}
}